"Name","W","L","G","GS","GF","CG","SHO","SV","IP","H","R","ER","HR","BB","IBB","SO","HBP","BK","WP","BF","Allstar_pitcher","Age"
"A J  Alexy",1,1,4,0,0,0,0,0,7,10,9,9,1,9,0,6,0,0,1,38,"0",24
"A J  Ladwig",0,0,1,0,0,0,0,0,3.1,6,4,4,2,0,0,0,0,0,0,15,"0",29
"A J  Minter",5,4,75,0,13,0,0,5,70,49,21,16,5,15,0,94,3,0,3,271,"0",28
"A J  Puk",4,3,62,0,9,0,0,4,66.1,53,27,23,7,23,3,76,10,1,6,281,"0",27
"Aaron Ashby",2,10,27,19,2,0,0,1,107.1,106,62,53,15,47,0,126,6,1,7,475,"0",24
"Aaron Brooks",0,0,5,0,3,0,0,0,9.1,11,8,8,3,2,0,7,1,0,0,43,"0",32
"Aaron Bummer",2,1,32,0,3,0,0,2,26.2,30,11,7,2,10,0,30,2,0,0,117,"0",28
"Aaron Civale",5,6,20,20,0,0,0,0,97,93,58,53,14,22,1,98,7,0,1,407,"0",27
"Aaron Fletcher",0,1,9,0,4,0,0,0,11.2,10,9,9,2,4,0,6,3,0,1,52,"0",26
"Aaron Loup",0,5,65,0,7,0,0,1,58.2,54,38,25,4,22,3,52,8,0,0,260,"0",34
"Aaron Nola",11,13,32,32,0,2,1,0,205,168,75,74,19,29,1,235,9,0,2,807,"0",29
"Aaron Sanchez",6,8,30,20,4,0,0,0,119.3,156,92,88,16,30,2,82,10,0,4,530,"0",29
"Adam Cimber",10,6,77,0,15,0,0,4,70.2,66,28,22,6,13,1,58,8,0,1,293,"0",31
"Adam Kolarek",0,1,15,0,7,0,0,0,17.2,20,9,9,1,8,0,9,3,0,0,79,"0",33
"Adam Oller",2,8,19,14,3,0,0,0,74.1,82,55,52,17,39,0,46,2,0,4,337,"0",27
"Adam Ottavino",6,3,66,0,19,0,0,3,65.2,48,15,15,6,16,2,79,5,0,7,258,"0",36
"Adam Wainwright",11,12,32,32,0,1,0,0,191.2,192,80,79,16,54,1,143,7,0,5,803,"0",40
"Adbert Alzolay",2,1,6,0,1,0,0,0,13.1,9,5,5,1,2,0,19,1,0,0,52,"0",27
"Adonis Medina",1,0,14,0,6,0,0,1,23.2,30,18,16,2,6,0,17,4,1,0,110,"0",25
"Adri n Martinez",4,6,12,12,0,0,0,0,57.2,69,42,40,13,19,1,53,3,1,6,259,"0",25
"Adri n Morej n",5,1,26,0,6,0,0,0,34,31,18,16,4,9,1,28,1,0,0,141,"0",23
"Adrian Houser",6,10,22,21,1,0,0,0,102.2,103,66,54,8,47,1,69,2,0,2,455,"0",29
"Adrian Sampson",4,5,21,19,2,0,0,0,104.1,101,40,36,10,27,0,73,2,1,0,428,"0",30
"Albert Abreu",4,4,66,0,22,0,0,0,75.7,70,30,28,10,44,0,76,6,0,12,344,"0",26
"Albert Pujols",0,0,1,0,1,0,0,0,1,3,4,4,2,1,0,0,0,0,0,7,"0",42
"Alcides Escobar",0,0,2,0,2,0,0,0,1.2,3,2,2,0,1,0,0,1,0,0,10,"0",35
"Alec Mills",0,1,7,2,2,0,0,0,17.2,28,20,19,7,3,1,11,3,0,0,84,"0",30
"Alejo Lopez",0,0,3,0,3,0,0,0,2.2,2,2,2,2,0,0,0,0,0,0,10,"0",26
"Alek Manoah",16,7,31,31,0,0,0,0,196.2,144,55,49,16,51,0,180,15,0,5,786,"0",24
"Alex Claudio",0,0,3,0,2,0,0,0,3.1,1,0,0,0,2,0,2,0,0,0,13,"0",30
"Alex Cobb",7,8,28,28,0,0,0,0,149.2,152,72,62,9,43,0,151,3,1,4,631,"1",34
"Alex Colom",2,7,53,0,13,0,0,4,47,57,36,30,5,22,2,32,0,1,4,215,"0",33
"Alex Faedo",1,5,12,12,0,0,0,0,53.2,63,34,33,7,25,0,44,1,0,2,244,"0",26
"Alex Lange",7,4,71,0,11,0,0,0,63.1,47,30,24,5,31,1,82,5,0,15,271,"0",26
"Alex Vesia",5,0,63,0,6,0,0,1,54.1,37,14,13,2,24,1,79,2,0,2,227,"0",26
"Alex Wells",0,0,2,0,2,0,0,0,3.2,5,2,2,2,0,0,6,0,0,0,16,"0",25
"Alex Wood",8,12,26,26,0,0,0,0,130.2,132,78,74,17,30,1,131,12,0,4,555,"0",31
"Alex Young",2,2,50,2,4,0,0,0,52.4,58,22,14,0,22,0,42,2,0,6,232,"0",28
"Alexis D az",7,3,59,0,20,0,0,10,63.2,28,18,13,5,33,3,83,5,0,7,255,"1",25
"Amir Garrett",3,1,60,0,3,0,0,0,45.1,28,26,25,0,32,0,49,5,1,7,196,"0",30
"An bal S nchez",4,6,14,14,0,0,0,0,69.1,55,34,33,13,33,2,48,4,0,2,292,"0",38
"Anderson Espinoza",0,2,7,0,2,0,0,0,18.1,14,11,11,4,16,0,19,4,1,1,85,"0",24
"Anderson Severino",0,0,6,0,4,0,0,0,7.1,7,5,5,0,4,0,9,2,0,2,34,"0",27
"Andr s Machado",2,0,51,0,14,0,0,0,59.1,55,32,22,7,26,0,46,2,0,3,261,"0",29
"Andr s Mu oz",2,5,64,0,12,0,0,4,65,43,20,18,5,15,3,96,4,0,4,248,"0",23
"Andre Jackson",0,0,4,0,3,0,0,1,9.2,9,3,2,0,4,0,9,0,0,0,42,"0",26
"Andre Pallante",6,5,47,10,4,0,0,0,108,113,39,38,9,40,2,73,1,0,4,457,"0",23
"Andrelton Simmons",0,0,1,0,1,0,0,0,1,5,5,5,0,1,0,0,0,0,0,9,"0",32
"Andrew Bellatti",4,4,59,1,16,0,0,2,54.1,47,25,20,5,25,1,78,1,0,1,230,"0",30
"Andrew Chafin",2,3,64,0,10,0,0,3,57.1,48,26,18,5,19,0,67,3,0,4,243,"0",32
"Andrew Heaney",4,4,16,14,1,0,0,0,72.2,60,34,25,14,19,0,110,9,0,0,310,"0",31
"Andrew Kittredge",3,1,17,0,9,0,0,5,20,15,7,7,4,2,0,14,0,0,0,75,"0",32
"Andrew Knizner",0,0,1,0,1,0,0,0,0.2,1,0,0,0,0,0,0,0,0,0,3,"0",27
"Andrew Nardi",1,1,13,0,5,0,0,0,14.2,25,17,16,5,14,0,24,0,0,1,83,"0",23
"Andrew Vasquez",0,0,20,0,6,0,0,0,16.4,12,12,12,2,8,0,20,6,2,2,78,"0",28
"Andrew Wantz",2,1,42,1,7,0,0,0,50.1,37,19,18,8,21,0,52,2,1,2,204,"0",26
"Aneurys Zabala",0,0,2,0,2,0,0,0,2.2,3,0,0,0,1,0,2,0,0,0,11,"0",25
"Angel De Jesus",0,0,8,0,3,0,0,0,12.2,9,3,3,2,4,0,7,2,0,2,54,"0",25
"Angel Rond n",1,0,1,0,0,0,0,0,5,1,0,0,0,3,0,4,0,0,0,20,"0",24
"Angel Zerpa",2,1,3,2,0,0,0,0,11,9,3,2,2,3,0,3,0,0,1,44,"0",22
"Anthony Banda",2,3,73,3,8,0,0,0,58.7,95,46,46,9,34,4,68,5,0,2,307,"0",28
"Anthony Bass",8,6,146,0,24,0,0,0,139.5,102,30,24,12,40,2,146,0,0,4,550,"0",34
"Anthony Bender",1,3,22,0,11,0,0,6,19.1,17,7,7,3,8,0,17,1,0,1,78,"0",27
"Anthony Castro",0,0,12,0,2,0,0,0,13.1,19,15,11,5,10,0,12,0,0,1,65,"0",27
"Anthony DeSclafani",0,2,5,5,0,0,0,0,19,34,21,14,4,4,0,17,1,0,0,94,"0",32
"Anthony Gose",3,0,22,0,3,0,0,0,21,15,13,11,4,14,1,28,1,0,2,92,"0",31
"Anthony Kay",0,0,1,0,1,0,0,0,2,2,1,1,0,1,0,3,1,0,0,10,"0",27
"Anthony Misiewicz",2,4,64,0,20,0,0,0,57.3,54,30,28,8,20,4,54,0,0,2,242,"0",27
"Antonio Senzatela",3,7,19,19,0,0,0,0,92.1,133,56,52,9,23,0,54,3,0,1,413,"0",27
"Archie Bradley",0,1,21,0,6,0,0,2,18.2,17,13,10,1,7,1,15,0,0,1,78,"0",29
"Arodys Vizca no",0,0,7,0,1,0,0,0,5.2,4,4,4,1,7,0,3,0,0,0,29,"0",31
"Aroldis Chapman",4,4,43,0,19,0,0,9,36.1,24,18,18,4,28,0,43,1,0,6,160,"0",34
"Art Warren",2,3,39,0,15,0,0,3,36,37,29,26,6,22,1,40,2,0,0,165,"0",29
"Ashton Goudeau",1,0,12,0,4,0,0,1,20.1,25,18,16,3,10,0,16,0,0,3,94,"0",29
"Austin Adams",1,0,2,0,0,0,0,0,2.1,0,0,0,0,3,0,2,0,0,0,9,"0",31
"Austin Brice",0,0,4,0,2,0,0,0,6.2,4,3,3,0,3,0,5,0,0,0,27,"0",30
"Austin Davis",4,2,104,6,24,0,0,0,111.3,114,78,72,10,66,2,128,10,0,2,528,"0",29
"Austin Gomber",5,7,33,17,2,0,0,0,124.2,137,80,77,20,34,1,95,2,0,4,529,"0",28
"Austin Pruitt",0,1,39,1,14,0,0,1,55.1,48,29,26,11,9,0,38,1,0,0,224,"0",32
"Austin Voth",10,8,82,34,2,0,0,0,202.4,222,104,98,28,62,0,180,6,0,10,884,"0",30
"Austin Warren",2,0,14,0,2,0,0,0,16,19,10,10,3,5,2,9,0,1,1,70,"0",26
"Austin Wynns",0,0,2,0,2,0,0,0,2,3,3,3,1,1,0,0,0,0,0,10,"0",31
"Bailey Falter",6,4,20,16,3,0,0,0,84,85,39,36,16,17,0,74,6,0,2,349,"0",25
"Bailey Ober",2,3,11,11,0,0,0,0,56,48,22,20,4,11,0,51,2,1,0,227,"0",26
"Beau Brieske",3,6,15,15,0,0,0,0,81.2,73,39,38,14,25,0,54,1,1,2,339,"0",24
"Beau Sulser",0,0,20,0,12,0,0,0,43.5,48,28,18,6,18,4,38,2,0,0,198,"0",28
"Bennett Sousa",3,0,25,0,2,0,0,1,20.1,25,20,19,3,10,1,12,1,0,4,96,"0",27
"Blake Snell",8,10,24,24,0,0,0,0,128,103,51,48,11,51,0,171,2,0,6,535,"0",29
"Blake Taylor",1,1,19,0,4,0,0,0,16,15,7,7,1,10,0,9,1,0,2,75,"0",26
"Blake Treinen",1,1,5,0,1,0,0,0,5,1,1,1,1,1,0,6,0,0,0,17,"0",34
"Bowden Francis",0,0,1,0,1,0,0,0,0.2,1,0,0,0,0,0,1,0,0,0,3,"0",26
"Brad Boxberger",4,3,70,0,9,0,0,1,64,52,23,21,6,27,1,68,2,0,0,268,"0",34
"Brad Hand",3,2,55,0,15,0,0,5,45,37,18,14,2,23,1,38,6,0,1,198,"0",32
"Brad Keller",6,14,35,22,4,0,0,1,139.2,153,86,79,17,57,1,102,2,0,11,617,"0",26
"Brady Singer",10,5,27,24,2,0,0,0,153.1,140,58,55,18,35,0,150,11,1,3,621,"0",25
"Brandon Bielak",0,0,5,0,2,0,0,0,12.1,11,5,5,2,4,0,12,3,0,1,54,"0",26
"Brandon Hughes",2,3,57,0,16,0,0,8,57.2,42,22,20,11,21,3,68,6,0,3,239,"0",26
"Brandon Woodruff",13,4,27,27,0,0,0,0,153.1,122,56,52,18,42,0,190,5,0,2,620,"0",29
"Braxton Garrett",3,7,17,17,0,0,0,0,88,86,38,35,9,24,1,90,10,0,2,373,"0",24
"Brayan Bello",2,8,13,11,0,1,0,0,57.1,75,34,30,1,27,1,55,2,0,2,268,"0",23
"Brendon Little",0,1,1,0,0,0,0,0,0.2,2,3,3,1,1,0,0,1,0,0,6,"0",25
"Brennan Bernardino",0,1,2,0,2,0,0,0,2.1,3,3,1,0,2,1,0,0,0,0,13,"0",30
"Brent Suter",5,3,54,0,17,0,0,0,66.2,58,32,28,9,22,0,53,3,0,0,272,"0",32
"Brett Martin",1,7,55,1,20,0,0,3,50,50,27,23,4,18,3,40,0,0,7,212,"0",27
"Brett Phillips",0,0,6,0,6,0,0,0,8,18,16,16,6,4,0,0,0,0,0,44,"0",28
"Brian Moran",0,0,1,0,0,0,0,0,0.1,3,2,2,1,1,1,0,0,0,0,5,"0",33
"Brian Serven",0,0,1,0,1,0,0,0,1,0,0,0,0,1,0,0,0,0,0,3,"0",27
"Brock Burke",7,5,52,0,5,0,0,0,82.1,63,25,18,9,24,1,90,2,1,2,328,"0",25
"Brooks Raley",1,2,60,0,12,0,0,6,53.2,37,19,16,3,15,0,61,6,0,3,219,"0",34
"Bruce Zimmermann",2,5,15,13,1,0,0,0,73.2,97,52,49,21,12,0,49,2,0,1,320,"0",27
"Brusdar Graterol",2,4,46,1,12,0,0,4,49.2,39,20,18,3,10,1,43,3,0,0,197,"0",23
"Bryan Abreu",4,0,55,0,18,0,0,2,60.1,45,16,13,2,26,0,88,4,0,7,248,"0",25
"Bryan Baker",4,3,66,2,11,0,0,1,69.2,60,29,27,3,26,1,76,3,0,2,291,"0",27
"Bryan Garcia",2,0,4,4,0,0,0,0,20.1,14,8,8,3,10,0,17,3,0,1,84,"0",27
"Bryan Hoeing",1,1,8,1,0,0,0,0,12.2,19,17,17,5,5,0,6,0,0,1,61,"0",25
"Bryan Shaw",6,2,60,2,11,0,0,1,58.1,58,38,35,9,26,1,52,4,0,2,261,"0",34
"Bryce Elder",2,4,10,9,1,1,1,0,54,44,19,19,4,23,1,47,3,0,0,227,"1",23
"Bryce Montes de Oca",0,0,3,0,1,0,0,0,3.1,7,4,4,0,2,0,6,0,0,1,19,"0",26
"Bryse Wilson",3,9,25,20,0,0,0,0,115.2,132,80,71,20,32,1,79,9,0,2,509,"0",24
"Bubby Rossman",0,0,1,0,1,0,0,0,1,1,2,2,1,1,0,1,0,0,0,5,"0",30
"Buck Farmer",2,2,44,0,10,0,0,2,47,36,21,20,2,25,0,54,1,0,4,199,"0",31
"C sar Valdez",0,0,1,0,1,0,0,0,1,2,2,1,0,0,0,0,0,0,0,5,"0",37
"Cade Cavalli",0,1,1,1,0,0,0,0,4.1,6,7,7,0,2,0,6,3,0,0,23,"0",23
"Cal Quantrill",15,5,32,32,0,0,0,0,186.1,178,78,70,21,47,0,128,10,0,3,770,"0",27
"Caleb Ferguson",1,0,37,1,3,0,0,0,34.2,23,9,7,1,17,0,37,2,0,0,142,"0",25
"Caleb Kilian",0,2,3,3,0,0,0,0,11.1,11,15,13,0,12,1,9,1,0,3,56,"0",25
"Caleb Smith",1,3,44,1,14,0,0,0,70,57,35,32,14,39,1,65,1,0,1,302,"0",30
"Caleb Thielbar",4,3,67,0,10,0,0,1,59.1,51,26,23,5,18,1,80,0,2,1,245,"0",35
"Calvin Faucher",2,3,22,0,7,0,0,1,21.1,26,16,13,4,10,0,21,1,0,2,101,"0",26
"Cam Alldred",0,0,1,0,0,0,0,0,1,1,0,0,0,0,0,1,0,0,0,4,"0",25
"Cam Vieaux",0,0,8,0,2,0,0,0,8.2,15,11,10,2,5,0,15,1,0,0,48,"0",28
"Camilo Doval",6,6,68,0,51,0,0,27,67.2,54,27,19,4,30,2,80,3,0,4,286,"1",24
"Carl Edwards Jr",6,3,57,0,8,0,0,2,62,51,22,19,8,25,0,56,1,0,2,256,"0",30
"Carlos Carrasco",15,7,29,29,0,0,0,0,152,161,71,67,17,41,2,152,8,0,5,645,"0",35
"Carlos Est vez",4,4,62,0,20,0,0,2,57,44,27,22,7,23,1,54,1,0,6,235,"1",29
"Carlos Hern ndez",0,5,27,7,4,0,0,0,56,72,48,46,7,31,1,35,1,0,3,266,"0",25
"Carlos Rod n",14,8,31,31,0,1,0,0,178,131,59,57,12,52,0,237,3,0,10,710,"0",29
"Carson Kelly",0,0,4,0,4,0,0,0,4.2,9,4,4,1,2,0,0,0,0,0,24,"0",27
"Casey Lawrence",0,1,6,0,2,0,0,0,18,23,15,15,5,4,0,11,1,0,0,79,"0",34
"Casey Mize",0,1,2,2,0,0,0,0,10,13,6,6,1,2,0,4,0,0,0,45,"0",25
"Chad Green",1,1,14,0,2,0,0,1,15,13,6,5,1,5,0,16,0,0,0,62,"0",31
"Chad Kuhl",6,11,27,27,0,1,1,0,137,155,91,87,25,58,1,110,5,0,5,617,"0",29
"Chad Pinder",0,0,1,0,1,0,0,0,1,2,3,3,0,2,0,0,1,0,0,7,"0",30
"Chad Smith",0,1,15,0,2,0,0,0,18,16,15,15,2,15,0,23,2,0,3,85,"0",27
"Charlie Culberson",0,0,2,0,2,0,0,0,2,1,0,0,0,1,0,0,0,0,0,8,"0",33
"Charlie Morton",9,6,31,31,0,0,0,0,172,149,85,83,28,63,0,205,18,0,4,728,"0",38
"Chase Anderson",2,4,9,7,1,0,0,0,24,17,18,17,3,15,0,23,3,0,0,103,"0",34
"Chase De Jong",6,3,42,0,16,0,0,1,71.2,52,24,21,10,30,1,59,5,0,4,293,"0",28
"Chase Silseth",1,3,7,7,0,0,0,0,28.2,33,21,21,7,12,0,24,1,0,2,129,"0",22
"Chasen Shreve",1,1,25,0,4,0,0,0,26.1,27,19,19,6,10,1,29,0,0,2,114,"0",31
"Chi Chi Gonz lez",0,2,17,13,4,0,0,0,56.5,72,37,37,12,17,0,37,0,0,0,249,"0",30
"Chris Archer",2,8,25,25,0,0,0,0,102.2,87,56,52,12,48,0,84,3,0,3,437,"0",33
"Chris Bassitt",15,9,30,30,0,0,0,0,181.2,159,71,69,19,49,0,167,13,1,5,745,"0",33
"Chris Devenski",4,2,26,0,2,0,0,0,28.4,42,28,28,6,2,0,24,2,0,0,134,"0",31
"Chris Ellis",0,0,2,2,0,0,0,0,4.1,5,5,5,0,6,0,2,1,0,0,25,"0",29
"Chris Flexen",8,9,33,22,11,0,0,2,137.2,132,61,57,17,51,3,95,2,0,7,590,"0",27
"Chris Martin",8,2,120,0,12,0,0,4,111.3,100,40,38,12,10,2,148,2,2,14,450,"0",36
"Chris Mazza",1,0,2,0,0,0,0,0,5.1,9,10,7,3,6,0,5,2,0,1,35,"0",32
"Chris Owings",0,0,1,0,1,0,0,0,1,2,1,1,0,0,0,0,0,0,0,5,"0",30
"Chris Paddack",1,2,5,5,0,0,0,0,22.1,25,10,10,0,2,0,20,1,0,1,93,"0",26
"Chris Sale",0,1,2,2,0,0,0,0,5.2,5,3,2,0,1,0,5,1,0,0,25,"0",33
"Chris Stratton",20,8,120,2,46,0,0,4,125.5,144,68,60,8,50,4,120,4,0,8,558,"0",31
"Christian Bethancourt",0,0,8,0,8,0,0,0,8,12,2,2,2,2,0,2,0,0,0,38,"0",30
"Cionel P rez",7,1,66,0,8,0,0,1,57.2,46,11,9,2,21,1,55,1,0,4,234,"0",26
"Clarke Schmidt",5,5,29,3,7,0,0,2,57.2,46,23,20,5,23,3,56,2,0,0,236,"0",26
"Clay Holmes",7,4,62,0,32,0,0,20,63.2,45,21,18,2,20,2,65,9,0,1,260,"0",29
"Clayton Kershaw",12,3,22,22,0,0,0,0,126.1,96,36,32,10,23,0,137,2,1,0,493,"1",34
"Cody Morris",1,2,7,5,0,0,0,0,23.2,21,8,6,3,12,0,23,0,0,1,100,"0",25
"Cody Poteet",0,1,12,2,2,0,0,0,28,23,12,12,4,11,0,21,0,0,1,114,"0",27
"Cody Sedlock",0,0,1,0,0,0,0,0,3,6,5,5,0,1,0,3,0,0,0,16,"0",27
"Cody Stashak",3,0,11,0,4,0,0,0,16.1,16,7,7,1,0,0,15,0,0,0,65,"0",28
"Cole Irvin",9,13,30,30,0,0,0,0,181,174,87,80,25,36,3,128,7,0,3,741,"0",28
"Cole Ragans",0,3,9,9,0,0,0,0,40,43,24,22,6,16,0,27,0,0,2,174,"0",24
"Cole Sands",0,3,11,3,5,0,0,1,30.2,35,21,20,4,13,0,28,5,0,1,145,"0",24
"Cole Sulser",1,4,39,0,14,0,0,2,34,39,23,20,6,16,1,38,0,0,0,149,"0",32
"Cole Waites",0,0,7,0,3,0,0,0,5.2,6,2,2,1,4,0,4,0,0,0,25,"0",24
"Colin Holderman",10,0,48,0,12,0,0,0,55.5,40,28,24,0,28,2,48,8,0,0,236,"0",26
"Colin Poche",4,2,65,0,13,0,0,7,58.2,46,30,26,11,22,0,64,1,0,4,245,"0",28
"Collin McHugh",3,2,58,0,3,0,0,0,69.1,51,20,20,5,14,1,75,5,0,3,272,"0",35
"Collin Snider",4,2,42,0,2,0,0,0,34.1,40,25,25,3,15,0,22,2,0,0,151,"0",26
"Collin Wiles",0,0,4,0,1,0,0,0,9.2,11,6,5,1,2,0,9,1,0,0,41,"0",28
"Conner Menez",0,0,1,0,0,0,0,0,1,1,0,0,0,0,0,1,1,0,0,5,"0",27
"Connor Brogdon",2,2,47,0,11,0,0,2,44,44,16,16,6,11,0,50,1,0,3,188,"0",27
"Connor Overton",1,0,6,4,1,0,0,0,33,21,10,10,1,11,0,14,0,0,0,124,"0",28
"Connor Sadzeck",0,0,2,0,2,0,0,0,3,4,3,3,2,1,0,2,0,0,1,13,"0",30
"Connor Seabold",0,4,5,5,0,0,0,0,18.1,35,24,23,5,8,0,19,3,0,4,98,"0",26
"Cooper Criswell",0,0,1,1,0,0,0,0,3.1,2,1,1,0,1,0,4,0,0,0,13,"0",25
"Corbin Burnes",12,8,33,33,0,0,0,0,202,144,73,66,23,51,0,243,13,0,10,797,"1",27
"Corbin Martin",0,1,7,2,1,0,0,0,22.1,25,14,12,3,12,0,21,0,0,2,101,"0",26
"Corey Dickerson",0,0,1,0,1,0,0,0,1,2,0,0,0,1,0,0,0,0,0,6,"0",33
"Corey Kluber",10,10,31,31,0,0,0,0,164,178,82,79,20,21,0,139,10,0,2,689,"0",36
"Corey Knebel",3,5,46,0,29,0,0,12,44.2,33,22,17,4,28,3,41,2,0,2,194,"0",30
"Cory Abbott",0,5,16,9,7,0,0,0,48,44,30,28,12,25,0,45,5,0,2,216,"0",26
"Craig Kimbrel",6,7,63,0,47,0,0,22,60,51,31,25,4,28,2,72,5,1,7,260,"1",34
"Craig Stammen",1,2,33,1,9,0,0,0,40.2,45,22,20,9,10,0,35,2,0,3,177,"0",38
"Cristian Javier",11,9,30,25,0,0,0,0,148.2,89,44,42,17,52,0,194,6,1,5,585,"0",25
"Cristofer Ogando",0,0,3,0,2,0,0,0,4.1,4,2,2,0,1,0,2,1,0,0,17,"0",28
"Cristopher S nchez",2,2,15,3,3,0,0,1,40,38,25,25,5,17,1,35,4,0,0,177,"0",25
"DL Hall",1,1,11,1,1,0,0,1,13.2,17,9,9,0,6,0,19,0,0,2,64,"0",23
"Dakota Hudson",8,7,27,26,0,0,0,0,139.2,141,71,69,9,61,0,78,9,0,4,596,"0",27
"Dallas Keuchel",6,25,38,38,0,0,0,0,162.4,255,185,166,29,86,6,117,0,0,9,820,"0",34
"Damon Jones",0,0,4,0,3,0,0,0,4.2,4,5,5,0,5,0,5,3,0,1,26,"0",27
"Dane Dunning",4,8,29,29,0,0,0,0,153.1,158,80,76,20,62,0,137,11,0,6,671,"0",27
"Daniel Bard",6,4,57,0,48,0,0,34,60.1,35,15,12,3,25,1,69,3,0,3,245,"0",37
"Daniel Castano",1,3,10,7,3,0,0,0,35.2,42,20,16,5,9,0,20,2,0,2,156,"0",27
"Daniel Duarte",0,0,3,0,1,0,0,0,2.2,3,3,3,1,3,0,2,0,0,0,14,"0",25
"Daniel Hudson",2,3,25,0,8,0,0,5,24.1,17,7,6,1,5,0,30,2,0,4,97,"0",35
"Daniel Lynch",4,13,27,27,0,0,0,0,131.2,155,79,75,21,52,2,122,5,2,7,600,"0",25
"Daniel Mengden",0,1,5,1,1,0,0,1,7,10,5,4,1,1,0,8,0,0,1,32,"0",29
"Daniel Norris",4,8,82,6,34,0,0,0,116.4,90,78,68,22,58,0,132,14,2,4,500,"0",29
"Danny Coulombe",0,0,10,0,3,0,0,0,12.1,7,3,2,0,9,0,9,0,0,1,53,"0",32
"Danny Young",0,0,6,0,6,0,0,0,11.5,22,6,6,2,4,0,12,0,0,0,64,"0",28
"Dany Jim nez",3,4,34,0,22,0,0,11,34.1,23,16,13,2,18,4,34,0,0,2,145,"0",28
"Darick Hall",0,0,1,0,1,0,0,0,0.1,1,0,0,0,0,0,0,0,0,0,2,"0",26
"Darin Ruf",0,0,2,0,2,0,0,0,4,2,0,0,0,0,0,0,0,0,0,14,"0",35
"Darren O Day",2,2,28,0,3,0,0,0,21.2,19,12,10,3,10,2,26,1,0,0,94,"0",39
"Darwinzon Hern ndez",0,1,7,0,2,0,0,0,6.2,14,17,16,4,8,0,9,2,0,0,43,"0",25
"Daulton Jefferies",1,7,8,8,0,0,0,0,39.1,46,26,25,4,8,0,28,2,0,3,172,"0",26
"Dauri Moreta",0,2,35,1,17,0,0,1,38.1,32,24,23,10,13,1,39,4,0,1,160,"0",26
"David Bednar",3,4,45,0,34,0,0,19,51.2,42,19,15,4,16,2,69,1,1,2,210,"1",27
"David McKay",0,0,8,0,4,0,0,0,12.4,16,10,10,2,8,0,6,0,0,0,64,"0",27
"David Peterson",7,5,28,19,0,0,0,0,105.2,93,50,45,11,48,1,126,7,0,3,454,"0",26
"David Phelps",0,2,65,1,11,0,0,1,63.2,52,22,20,2,31,0,64,4,0,3,272,"0",35
"David Price",2,0,40,0,13,0,0,2,40.1,38,11,11,6,9,2,37,0,0,0,167,"0",36
"David Robertson",8,6,116,0,66,0,0,40,126.4,78,36,34,12,70,2,162,6,0,8,528,"0",37
"Davis Martin",3,6,14,9,1,0,0,0,63.1,63,36,34,8,19,1,48,3,0,3,269,"0",25
"Dean Kremer",8,7,22,21,0,1,1,0,125.1,123,48,45,11,34,0,87,5,0,5,512,"0",26
"Dee Strange Gordon",0,0,1,0,1,0,0,0,1,2,3,3,1,3,0,0,1,0,0,8,"0",34
"Dennis Santana",3,8,63,1,13,0,0,1,58.2,50,39,34,2,28,1,54,4,0,3,255,"0",26
"Denyi Reyes",0,0,3,1,1,0,0,0,7.2,8,2,2,0,1,0,3,0,0,0,31,"0",25
"Dereck Rodr guez",0,1,2,0,1,0,0,0,7.2,7,5,3,3,4,1,4,0,0,0,34,"0",30
"Derek Law",4,6,34,0,4,0,0,0,38.4,46,26,18,6,16,0,34,4,0,2,184,"0",31
"Devin Smeltzer",5,2,15,12,1,0,0,0,70.1,67,30,29,13,19,0,40,1,0,2,287,"0",26
"Devin Williams",6,4,65,0,21,0,0,15,60.2,31,17,13,2,30,1,96,3,0,5,240,"1",27
"Diego Castillo",7,3,61,0,25,0,0,7,56.1,46,35,30,6,25,4,54,3,0,1,237,"0",26
"Dillon Peters",5,2,22,4,2,0,0,0,39.1,35,20,20,5,17,0,26,0,0,1,165,"0",29
"Dillon Tate",4,4,67,0,13,0,0,5,73.2,57,29,25,6,16,2,60,7,0,3,292,"0",28
"Dinelson Lamet",2,4,64,0,16,0,0,0,64.2,60,46,44,8,38,0,90,8,0,12,298,"0",29
"Domingo Acevedo",4,4,70,0,12,0,0,4,67.2,50,26,25,9,17,4,58,3,1,1,266,"0",28
"Domingo Germ n",2,5,15,14,0,0,0,0,72.1,65,31,29,11,19,0,58,4,1,0,298,"0",29
"Domingo Tapia",0,0,11,0,4,0,0,0,17,25,16,16,1,14,1,12,1,0,3,90,"0",30
"Dominic Leone",4,5,55,0,8,0,0,3,49.1,55,24,22,6,24,5,52,0,0,3,222,"0",30
"Donovan Walton",0,0,1,0,1,0,0,0,1,3,3,3,1,1,0,0,0,0,1,7,"0",28
"Drew Carlton",0,0,5,0,4,0,0,0,8.2,4,4,2,1,0,0,7,0,0,1,32,"0",26
"Drew Hutchison",3,9,28,18,3,0,0,0,105.1,114,58,53,15,42,1,68,2,0,3,464,"0",31
"Drew Rasmussen",11,7,28,28,0,0,0,0,146,121,51,46,13,31,0,125,3,0,10,584,"0",26
"Drew Smith",3,3,44,0,6,0,0,0,46,38,17,17,9,15,0,53,0,0,0,187,"0",28
"Drew Smyly",7,8,22,22,0,0,0,0,106.1,101,46,41,16,26,0,91,5,0,3,447,"0",33
"Drew Steckenrider",0,2,16,0,3,0,0,2,14.1,21,9,9,2,5,0,10,0,0,0,68,"0",31
"Drew VerHagen",3,1,19,0,3,0,0,0,21.2,27,18,16,5,14,1,18,1,0,0,106,"0",31
"Drey Jameson",3,0,4,4,0,0,0,0,24.1,20,4,4,2,7,0,24,1,0,1,98,"0",24
"Duane Underwood Jr",1,6,51,1,9,0,0,1,57.1,58,35,28,1,25,1,57,5,0,5,259,"0",27
"Dusten Knight",0,1,6,0,3,0,0,0,11,11,8,7,4,4,1,9,0,0,1,49,"0",31
"Dustin May",2,3,6,6,0,0,0,0,30,21,17,15,3,14,0,29,5,0,0,127,"0",24
"Dylan Bundy",8,8,29,29,0,0,0,0,140,151,79,76,24,28,0,94,3,0,3,595,"0",29
"Dylan Cease",14,8,32,32,0,1,1,0,184,126,55,45,16,78,2,227,3,1,7,747,"0",26
"Dylan Coleman",5,2,68,0,9,0,0,0,68,47,26,21,5,37,1,71,6,0,7,289,"0",25
"Dylan Floro",1,3,56,0,23,0,0,10,53.2,48,23,18,4,15,3,48,0,0,1,220,"0",31
"Dylan Lee",5,1,46,0,5,0,0,0,50.2,40,16,12,5,10,1,59,0,0,0,201,"0",27
"Easton McGee",0,0,1,0,1,0,0,0,3,4,1,0,0,0,0,1,0,0,0,14,"0",24
"Eduard Bazardo",1,0,12,0,4,0,0,0,16.1,12,5,5,4,4,0,11,2,0,1,65,"0",26
"Eduardo Rodriguez",5,5,17,17,0,0,0,0,91,87,49,41,12,34,0,72,2,0,1,391,"0",29
"Edward Cabrera",6,4,14,14,0,0,0,0,71.2,44,24,24,10,33,0,75,9,0,2,291,"0",24
"Edwin D az",3,1,61,0,49,0,0,32,62,34,9,9,3,18,1,118,2,0,2,235,"0",28
"Edwin Uceta",0,0,10,0,5,0,0,0,17,14,12,11,2,7,0,13,1,0,1,73,"0",24
"Ehire Adrianza",0,0,2,0,2,0,0,0,2,0,0,0,0,2,0,2,0,0,0,8,"0",32
"Eli Morgan",5,3,50,1,7,0,0,0,66.2,46,29,25,10,13,0,72,2,0,0,256,"0",26
"Elieser Hern ndez",3,6,20,10,4,0,0,0,62.1,67,48,44,19,22,1,60,4,0,1,278,"0",27
"Elvin Rodriguez",0,4,7,5,0,0,0,0,29.2,42,35,35,12,15,1,25,1,0,1,143,"0",24
"Elvis Peguero",0,0,13,0,6,0,0,0,17.1,23,16,13,4,5,0,12,0,1,3,77,"0",25
"Emilio Pag n",4,6,59,0,27,0,0,9,63,60,36,31,12,26,2,84,1,0,3,274,"0",31
"Emmanuel Clase",3,4,77,0,67,0,0,42,72.2,43,18,11,3,10,2,77,1,0,4,271,"1",24
"Enoli Paredes",0,0,3,0,3,0,0,0,3,3,1,1,0,3,0,2,0,0,0,14,"0",26
"Enyel De Los Santos",5,0,50,0,11,0,0,1,53.1,40,18,18,3,17,1,61,2,1,3,215,"0",26
"Erasmo Ram rez",4,2,60,2,10,0,0,0,86.1,79,31,28,11,14,1,61,6,0,1,347,"0",32
"Eric Lauer",11,7,29,29,0,0,0,0,158.2,135,71,65,27,59,0,157,2,2,5,661,"0",27
"Eric Stout",0,0,40,0,8,0,0,2,43.5,50,30,28,4,32,2,50,6,0,4,220,"0",29
"Erich Uelmen",2,1,25,0,8,0,0,1,27,25,15,14,3,12,1,21,6,0,1,122,"0",26
"Erick Fedde",6,13,27,27,0,0,0,0,127,149,84,82,21,58,0,94,0,0,6,573,"0",29
"Erik Swanson",3,2,57,1,9,0,0,3,53.2,39,11,10,3,10,1,70,1,0,1,206,"0",28
"Ernie Clement",0,0,4,0,4,0,0,0,4,12,8,8,4,0,0,0,0,0,2,22,"0",26
"Ethan Roberts",0,1,9,0,3,0,0,0,7.2,10,7,7,3,6,0,9,1,0,0,38,"0",24
"Ethan Small",0,0,2,2,0,0,0,0,6.1,8,5,5,1,8,0,7,0,0,0,33,"0",25
"Evan Lee",0,1,4,1,1,0,0,0,8.2,9,5,4,1,7,0,7,1,0,2,43,"0",25
"Evan Phillips",7,3,64,0,9,0,0,2,63,33,11,8,2,15,1,77,3,0,0,233,"0",27
"F lix Bautista",4,4,65,0,30,0,0,15,65.2,38,18,16,7,23,1,88,1,0,2,253,"1",27
"Fernando Cruz",0,1,14,2,1,0,0,0,14.2,9,3,2,1,9,0,21,1,0,1,64,"0",32
"Foster Griffin",0,0,12,0,8,0,0,0,12.2,14,14,12,0,10,0,8,2,0,0,64,"0",26
"Framber Valdez",17,6,31,31,0,3,1,0,201.1,166,71,63,11,67,0,194,11,1,11,827,"1",28
"Francisco Morales",0,0,3,0,2,0,0,1,5,2,5,4,1,6,0,3,1,0,0,21,"0",22
"Francisco P rez",0,0,10,0,4,0,0,0,8.2,13,7,7,2,9,0,7,0,0,1,48,"0",24
"Frank German",0,0,5,0,3,0,0,0,4,7,8,8,2,4,0,4,0,0,0,23,"0",24
"Frank Schwindel",0,0,3,0,3,0,0,0,3,8,6,6,4,1,0,0,0,0,0,18,"0",30
"Frankie Montas",10,24,54,54,0,0,0,0,287.5,274,144,130,36,86,6,284,12,0,14,1216,"0",29
"Franmil Reyes",0,0,1,0,1,0,0,0,1,0,0,0,0,0,0,1,1,0,0,3,"0",26
"Freddy Peralta",4,4,18,17,0,0,0,0,78,54,31,31,6,27,0,86,3,0,1,317,"0",26
"Freddy Tarnok",0,0,1,0,1,0,0,0,0.2,1,0,0,0,0,0,1,0,0,0,3,"0",23
"G nesis Cabrera",4,2,39,0,4,0,0,1,44.2,39,24,23,8,20,3,32,4,0,1,194,"0",25
"Gabe Speier",0,1,17,1,5,0,0,0,19.1,16,5,5,2,5,0,14,0,0,1,77,"0",27
"Garrett Cleavinger",2,2,34,0,6,0,0,0,45.3,28,24,20,4,14,0,64,2,0,0,184,"0",28
"Garrett Hill",3,3,17,8,1,0,0,0,60.1,53,29,27,8,29,0,40,4,0,2,263,"0",26
"Garrett Richards",1,1,32,2,11,0,0,1,42.2,44,28,25,3,13,0,36,3,0,2,185,"0",34
"Garrett Stubbs",0,0,4,0,4,0,0,0,3.2,7,7,7,3,1,0,1,0,0,0,18,"0",29
"Garrett Whitlock",4,2,31,9,10,0,0,6,78.1,65,32,30,10,15,0,82,1,0,2,311,"0",26
"Gavin Hollowell",0,2,6,0,3,0,0,0,7,7,7,6,1,4,0,8,0,0,0,32,"0",24
"George Kirby",8,5,25,25,0,0,0,0,130,135,54,49,13,22,0,133,5,0,4,542,"1",24
"Gerardo Reyes",0,0,2,0,1,0,0,0,2,3,1,1,1,3,0,0,0,0,0,12,"0",29
"Germ n M rquez",9,13,31,31,0,0,0,0,181.2,185,109,100,30,63,0,150,4,2,8,779,"0",27
"Gerrit Cole",13,8,33,33,0,0,0,0,200.2,154,81,78,33,50,0,257,2,2,2,793,"1",31
"Giovanny Gallegos",3,6,57,0,30,0,0,14,59,42,23,20,6,18,1,73,0,1,2,235,"0",30
"Glenn Otto",7,10,27,27,0,0,0,0,135.2,119,74,70,21,62,0,107,13,0,5,587,"0",26
"Graham Ashcraft",5,6,19,19,0,0,0,0,105,119,61,57,11,30,1,71,8,0,9,464,"0",24
"Greg Holland",0,1,5,0,2,0,0,0,4.2,6,5,4,3,1,0,5,0,0,0,20,"0",36
"Greg Weissert",3,0,12,0,2,0,0,0,11.1,6,7,7,1,5,0,11,2,1,0,48,"0",27
"Gregory Santos",0,0,2,0,1,0,0,0,3.2,3,2,2,0,3,0,2,0,0,0,17,"0",22
"Gregory Soto",2,11,64,0,54,0,0,30,60.1,49,32,22,2,34,1,60,7,0,3,263,"0",27
"Griffin Jax",7,4,65,0,10,0,0,1,72.1,56,29,27,7,20,3,78,3,0,2,290,"0",27
"Hansel Robles",1,3,26,0,8,0,0,2,24.2,25,19,16,5,14,1,21,0,2,0,111,"0",31
"Hanser Alberto",0,0,10,0,10,0,0,0,11,10,5,5,2,3,0,1,1,0,0,47,"0",29
"Harold Castro",0,0,4,0,3,0,0,0,4,6,2,2,0,1,0,1,1,0,0,18,"0",28
"Hayden Wesneski",3,2,6,4,1,0,0,0,33,24,9,8,3,7,0,33,3,0,0,132,"0",24
"Heath Hembree",6,2,52,0,12,0,0,0,43.3,52,38,36,12,34,4,34,0,0,2,214,"0",33
"Hector Neris",6,4,70,0,26,0,0,3,65.1,49,29,27,3,17,0,79,6,1,6,263,"0",33
"Hirokazu Sawamura",1,1,49,0,11,0,0,0,50.2,45,23,21,4,27,2,40,0,0,8,221,"0",34
"Hoby Milner",3,3,67,0,9,0,0,0,64.2,61,29,27,5,15,0,64,7,0,1,272,"0",31
"Huascar Brazoban",1,1,27,0,2,0,0,0,32,26,13,11,3,21,1,40,2,0,7,141,"0",32
"Huascar Ynoa",0,2,2,2,0,0,0,0,6.2,11,10,10,2,6,0,8,0,0,1,37,"0",24
"Humberto Castellanos",3,2,11,9,1,0,0,0,44.1,50,29,28,7,12,0,32,4,0,2,194,"0",24
"Hunter Brown",2,0,7,2,0,0,0,0,20.1,15,2,2,0,7,0,22,0,0,0,80,"0",23
"Hunter Dozier",0,0,1,0,1,0,0,0,1,2,2,2,1,1,0,0,0,0,0,6,"0",30
"Hunter Gaddis",0,2,2,2,0,0,0,0,7.1,15,15,15,7,3,0,5,0,0,0,40,"0",24
"Hunter Greene",5,13,24,24,0,1,1,0,125.2,104,64,62,24,48,0,164,10,0,4,531,"0",22
"Hunter Harvey",2,1,38,0,7,0,0,0,39.1,33,12,11,1,12,0,45,0,0,2,157,"0",27
"Hunter Strickland",3,3,66,0,35,0,0,7,62.1,61,37,34,8,33,1,60,7,0,1,284,"0",33
"Hyun Jin Ryu",2,0,6,6,0,0,0,0,27,32,17,17,5,4,0,16,0,0,0,113,"0",35
"Ian Anderson",10,6,22,22,0,0,0,0,111.2,115,63,62,12,54,0,97,1,0,4,493,"0",24
"Ian Gibaut",2,4,68,0,6,0,0,2,71.3,78,36,36,6,36,0,96,2,2,0,320,"0",28
"Ian Hamilton",0,0,1,0,0,0,0,0,2.2,3,2,2,1,1,0,0,0,0,0,11,"0",27
"Ian Kennedy",4,7,57,0,21,0,0,10,50.1,57,33,30,11,22,3,44,1,0,3,232,"0",37
"Ildemaro Vargas",0,0,2,0,2,0,0,0,2,0,0,0,0,0,0,0,0,0,0,6,"0",30
"J B  Wendelken",2,1,29,0,6,0,0,0,29,25,18,17,4,14,0,21,1,0,1,122,"0",29
"J C  Mej a",0,0,2,0,1,0,0,0,2.1,5,6,6,0,5,0,1,0,0,0,16,"0",25
"J P  Feyereisen",4,0,22,2,3,0,0,1,24.1,7,1,0,0,5,0,25,0,0,0,86,"0",29
"JP Sears",12,6,34,22,2,0,0,0,140,134,62,60,16,46,2,102,4,0,0,576,"0",26
"JT Brubaker",3,12,28,28,0,0,0,0,144,157,85,75,17,54,0,147,9,2,6,646,"0",28
"JT Chargois",2,0,21,3,3,0,0,0,22.1,16,7,6,3,5,0,17,2,0,0,86,"0",31
"Jace Peterson",0,0,1,0,1,0,0,0,1,0,0,0,0,0,0,0,0,0,0,3,"0",32
"Jack Flaherty",2,1,9,8,0,0,0,0,36,36,18,17,4,22,0,33,5,0,0,167,"0",26
"Jack Mayfield",0,0,1,0,1,0,0,0,1,1,0,0,0,0,0,0,0,0,0,4,"0",31
"Jackie Bradley Jr",0,0,2,0,2,0,0,0,2,2,2,2,0,6,0,2,0,0,0,14,"0",32
"Jackson Kowar",0,0,7,0,3,0,0,0,15.2,27,17,17,4,11,0,17,0,0,0,82,"0",25
"Jackson Stephens",3,3,39,1,24,0,0,2,53.2,49,32,22,3,23,4,47,3,0,1,235,"0",28
"Jackson Tetreault",2,2,4,4,0,0,0,0,21,23,15,12,4,10,0,9,0,0,0,96,"0",26
"Jacob Barnes",6,2,46,0,6,0,0,0,43.5,46,28,28,6,18,0,24,4,0,2,194,"0",32
"Jacob Lemoine",0,0,9,0,2,0,0,0,16.1,18,15,14,4,7,1,13,0,0,1,74,"0",28
"Jacob deGrom",5,4,11,11,0,0,0,0,64.1,40,22,22,9,8,0,102,0,0,0,239,"0",34
"Jaime Barria",3,3,35,1,21,0,0,0,79.1,63,29,23,11,19,0,54,3,0,3,316,"0",25
"Jake Bird",2,4,38,0,11,0,0,0,47.2,45,29,26,7,23,3,42,4,0,4,211,"0",26
"Jake Brentz",0,3,8,0,1,0,0,0,5.1,11,15,14,1,10,0,9,1,0,2,38,"0",27
"Jake Cousins",2,1,12,0,6,0,0,0,13.1,10,4,4,1,8,1,21,2,0,4,59,"0",27
"Jake Diekman",10,8,140,0,20,0,0,2,114.4,104,80,64,18,84,4,158,16,0,14,538,"0",35
"Jake Fishman",0,0,7,0,2,0,0,0,11,13,5,5,0,0,0,6,3,0,0,48,"0",27
"Jake Hager",0,0,3,0,3,0,0,0,2.1,3,2,2,0,0,0,1,0,0,0,10,"0",29
"Jake McGee",2,6,84,0,22,0,0,6,73.3,82,58,56,12,24,2,50,0,0,2,326,"0",35
"Jake Odorizzi",12,12,44,44,0,0,0,0,212.2,212,116,104,28,70,2,172,6,0,4,906,"0",32
"Jake Reed",5,0,46,0,13,0,0,3,42.7,44,39,35,6,23,0,34,7,2,0,204,"0",29
"Jake Walsh",0,1,3,0,1,0,0,0,2.2,3,4,4,0,2,0,5,1,0,0,15,"0",26
"Jake Woodford",4,0,27,1,16,0,0,0,48.1,43,13,12,1,11,1,24,1,0,3,188,"0",25
"Jakob Junis",5,7,23,17,0,0,0,0,112,120,57,55,13,25,0,98,4,0,1,478,"0",29
"Jalen Beeks",2,3,42,7,8,0,0,2,61,49,22,19,7,22,0,70,2,0,3,250,"0",28
"James Kaprielian",5,9,26,26,0,0,0,0,134,121,68,63,16,59,0,98,5,0,2,577,"0",28
"James Karinchak",2,0,38,0,9,0,0,3,39,22,9,9,2,21,0,62,1,0,4,160,"0",26
"James Naile",0,0,7,0,4,0,0,0,9,8,5,5,2,2,0,5,0,0,0,37,"0",29
"James Norwood",1,0,20,0,5,0,0,0,17.1,24,17,16,2,9,0,22,0,0,0,85,"0",28
"Jameson Taillon",14,5,32,32,0,0,0,0,177.1,168,78,77,26,32,0,151,5,0,3,728,"0",30
"Jandel Gustave",2,0,27,0,6,0,0,0,28,25,13,12,4,11,0,27,2,1,2,120,"0",29
"Janson Junk",1,1,3,2,1,0,0,0,8.1,10,6,6,1,3,0,11,0,0,0,37,"0",26
"Jared Koenig",1,3,10,5,4,0,0,0,39.1,40,25,25,4,15,0,22,5,1,4,177,"0",28
"Jared Solomon",0,0,9,0,5,0,0,0,8.1,8,10,10,3,5,0,9,1,0,0,39,"0",25
"Jarl n Garc a",1,4,58,0,14,0,0,1,65,60,34,27,10,18,1,56,1,0,2,270,"0",29
"Jason Adam",2,3,67,0,16,0,0,8,63.1,31,12,11,5,17,2,75,6,0,2,237,"0",30
"Jason Alexander",2,3,18,11,3,0,0,0,71.2,88,47,43,12,28,0,46,4,0,1,321,"0",29
"Jason Foley",1,0,60,0,15,0,0,0,60.1,72,27,26,2,11,0,43,2,1,0,256,"0",26
"Javier Assad",2,2,9,8,0,0,0,0,37.2,35,14,13,4,20,0,30,0,0,1,166,"0",24
"Javy Guerra",4,2,36,0,8,0,0,0,36,32,22,20,6,22,4,20,2,0,4,164,"0",26
"Jay Jackson",0,0,2,0,1,0,0,0,1.1,1,0,0,0,0,0,1,0,0,0,5,"0",34
"Jeff Brigham",0,1,16,0,2,0,0,1,24,22,10,9,3,10,0,28,0,0,1,101,"0",30
"Jeff Hoffman",2,0,35,1,7,0,0,0,44.2,40,22,19,5,23,1,45,3,0,3,197,"0",29
"Jeffrey Springs",9,5,33,25,0,0,0,0,135.1,114,42,37,14,31,0,144,1,1,1,549,"0",29
"Jerad Eickhoff",0,1,1,1,0,0,0,0,4.1,10,10,10,2,1,0,4,3,0,0,27,"0",31
"Jeremiah Estrada",0,0,5,0,3,0,0,0,5.2,6,2,2,1,3,0,8,0,0,1,25,"0",23
"Jeremy Beasley",0,0,9,0,5,0,0,0,15,14,9,8,4,5,0,19,2,0,0,64,"0",26
"Jermaine Palacios",0,0,2,0,2,0,0,0,0.2,1,0,0,0,0,0,1,0,0,0,3,"0",25
"Jes s Luzardo",4,7,18,18,0,0,0,0,100.1,69,40,37,10,35,0,120,2,0,5,400,"0",24
"Jesse Chavez",11,9,169,3,36,0,0,0,195.7,198,90,78,22,56,0,212,3,3,6,826,"0",38
"Jesus Cruz",0,0,7,0,4,0,0,0,8.2,8,6,6,3,4,0,6,1,0,0,39,"0",27
"Jesus Tinoco",0,0,17,2,2,0,0,0,20.2,12,5,5,2,10,0,18,1,0,0,84,"0",27
"Jeurys Familia",4,6,96,0,16,0,0,0,88.2,116,68,60,14,44,4,82,4,0,2,408,"0",32
"Jharel Cotton",8,4,60,0,18,0,0,0,86,68,40,34,14,40,0,78,4,0,6,362,"0",30
"Jhoan Duran",2,4,57,0,18,0,0,8,67.2,50,15,14,6,16,3,89,4,0,6,266,"0",24
"Jhon Romero",0,0,4,0,3,0,0,0,5,9,2,2,0,1,0,6,0,0,0,24,"0",27
"Jhonathan Diaz",1,1,4,3,1,0,0,0,15.1,13,5,5,1,10,0,11,0,0,0,66,"0",25
"Jhoulys Chac n",4,2,35,0,7,0,0,0,47.1,55,44,40,7,21,0,37,2,0,3,219,"0",34
"Jimmy Herget",2,1,49,1,13,0,0,9,69,48,20,19,4,15,3,63,3,0,0,266,"0",28
"Jimmy Lambert",1,2,42,2,7,0,0,0,47,40,18,17,4,24,0,45,1,0,5,204,"0",27
"Jimmy Yacabonis",2,2,28,2,10,0,0,0,27.3,40,30,26,8,20,0,42,4,0,2,146,"0",30
"JoJo Romero",0,0,34,0,10,0,0,0,32.2,26,18,18,6,20,0,34,0,0,0,134,"0",25
"Joan Adon",1,12,14,14,0,0,0,0,64.2,76,53,51,8,39,1,55,6,0,7,310,"0",23
"Joe Barlow",3,1,35,0,26,0,0,13,35,27,18,15,5,13,0,28,4,0,0,146,"0",26
"Joe Jim nez",3,2,62,0,12,0,0,2,56.2,49,24,22,4,13,0,77,0,0,0,231,"0",27
"Joe Kelly",1,3,43,1,4,0,0,1,37,36,26,25,2,23,0,53,3,0,4,170,"0",34
"Joe Mantiply",2,5,69,0,9,0,0,2,60,59,22,19,6,6,0,61,3,1,3,243,"0",31
"Joe Musgrove",10,7,30,30,0,0,0,0,181,154,67,59,22,42,1,184,14,0,4,740,"0",29
"Joe Ryan",13,8,27,27,0,0,0,0,147,115,60,58,20,47,0,151,10,0,2,604,"0",26
"Joe Smith",1,1,34,0,3,0,0,0,27.1,33,18,14,7,9,1,17,1,1,0,122,"0",38
"Joel Kuhnel",2,3,53,0,13,0,0,1,58,67,41,41,8,14,1,56,5,0,1,255,"0",27
"Joel Payamps",6,12,82,0,32,0,0,0,110.4,120,48,40,14,32,4,82,4,0,6,482,"0",28
"Joely Rodr guez",2,4,55,0,9,0,0,0,50.1,42,28,25,3,26,1,57,1,0,2,216,"0",30
"Joey Krehbiel",5,5,56,0,8,0,0,1,57.2,53,28,25,9,18,1,45,3,0,1,244,"0",29
"Joey Wentz",2,2,7,7,0,0,0,0,32.2,23,13,11,2,13,0,27,1,0,2,135,"0",24
"Johan Oviedo",8,6,42,16,6,0,0,0,111.3,98,42,40,10,46,0,108,6,2,4,484,"0",24
"John Brebbia",6,2,76,11,4,0,0,0,68,71,27,24,5,18,2,54,1,0,0,288,"0",32
"John King",1,4,39,0,5,0,0,0,51.1,61,27,23,5,14,3,30,1,0,2,222,"0",27
"John Means",0,0,2,2,0,0,0,0,8,8,3,3,0,2,0,7,0,0,0,34,"0",29
"John Schreiber",4,4,64,0,13,0,0,8,65,45,19,16,3,19,0,74,4,0,4,257,"0",28
"Johnny Cueto",8,10,25,24,0,1,0,0,158.1,161,66,59,15,33,2,102,6,1,2,651,"0",36
"Jon Gray",7,7,24,24,0,0,0,0,127.1,105,61,56,17,39,0,134,6,2,4,521,"0",30
"Jonathan Heasley",4,10,21,21,0,0,0,0,104,108,67,61,19,47,0,70,6,0,9,465,"0",25
"Jonathan Hern ndez",2,3,29,0,16,0,0,4,30.1,26,14,10,2,17,3,27,1,1,5,131,"0",25
"Jonathan Lo isiga",2,3,50,0,9,0,0,2,48,43,25,22,3,19,1,37,0,0,0,203,"0",27
"Jordan Hicks",3,6,35,8,2,0,0,0,61.1,46,33,33,5,35,0,63,7,0,5,263,"0",25
"Jordan Holloway",0,0,1,0,0,0,0,0,2.2,3,1,1,0,1,0,2,0,0,0,11,"0",26
"Jordan Lyles",12,11,32,32,0,1,0,0,179,196,94,88,26,52,0,144,8,0,5,774,"0",31
"Jordan Montgomery",18,12,64,64,0,2,2,0,355.5,318,144,138,42,72,0,316,16,0,8,1448,"0",29
"Jordan Romano",5,4,63,0,52,0,0,36,64,44,18,15,4,21,4,73,4,0,0,258,"1",29
"Jordan Sheffield",0,0,2,0,2,0,0,0,2,2,0,0,0,2,0,1,0,0,0,8,"0",27
"Jordan Weems",0,1,32,0,3,0,0,0,39.2,35,24,23,7,12,1,41,0,1,4,166,"0",29
"Jorge Alcala",0,0,2,0,0,0,0,0,2.1,2,0,0,0,2,0,2,0,0,0,10,"0",26
"Jorge L pez",8,14,134,0,94,0,0,46,141.3,106,52,40,8,62,10,144,14,4,10,596,"0",29
"Jos Alvarado",4,2,59,0,8,0,0,2,51,38,21,18,2,24,4,81,1,0,5,214,"0",27
"Jos Berr os",12,7,32,32,0,0,0,0,172,199,103,100,29,45,0,149,11,0,3,753,"0",28
"Jos Butto",0,0,1,1,0,0,0,0,4,9,7,7,2,2,0,5,0,0,0,23,"0",24
"Jos Castillo",0,0,1,0,0,0,0,0,1,1,1,1,0,1,0,1,0,0,0,5,"0",26
"Jos Cisnero",1,0,28,0,6,0,0,0,25,15,4,3,0,19,0,23,1,0,1,105,"0",33
"Jos Leclerc",0,3,39,0,20,0,0,7,47.2,33,17,15,5,21,0,54,3,0,2,198,"0",28
"Jos Marte",0,0,11,0,4,0,0,0,11,8,9,9,2,18,0,15,0,0,1,58,"0",26
"Jos Quijada",0,5,42,0,11,0,0,3,40.2,25,19,18,5,21,4,52,2,0,1,169,"0",26
"Jos Quintana",12,14,64,64,0,0,0,0,330.4,308,122,108,16,94,2,274,6,0,2,1358,"0",33
"Jos Ruiz",1,0,63,0,21,0,0,0,60.2,53,32,31,9,33,0,68,0,1,4,265,"0",27
"Jos Suarez",8,8,22,20,0,0,0,0,109,103,49,48,14,33,2,103,4,0,1,462,"0",24
"Jos Ure a",6,16,42,34,2,0,0,0,193.3,218,124,108,22,86,0,126,2,0,4,864,"0",30
"Jos Urquidy",13,8,29,28,0,0,0,0,164.1,154,74,72,29,38,0,134,7,0,5,681,"0",27
"Jose Alvarez",2,1,21,0,6,0,0,1,15.1,17,10,9,3,9,1,15,2,0,1,76,"0",33
"Jose Cuas",4,2,47,0,4,0,0,1,37.2,39,18,15,2,24,2,34,6,0,1,180,"0",28
"Josh Fleming",2,5,10,3,1,0,0,0,35,54,36,25,5,12,1,29,1,0,0,169,"0",26
"Josh Hader",4,10,112,0,90,0,0,72,100,86,60,58,16,42,0,162,8,0,10,438,"1",28
"Josh Harrison",0,0,3,0,3,0,0,0,3,9,6,6,1,2,0,2,0,0,0,18,"0",34
"Josh Rogers",2,2,16,3,4,0,0,0,26.1,24,15,15,6,11,0,12,0,0,0,113,"0",27
"Josh Sborz",1,0,19,1,6,0,0,0,22.1,25,16,16,4,11,1,32,0,0,2,100,"0",28
"Josh Staumont",3,3,42,0,15,0,0,3,37.2,37,28,27,3,29,0,43,1,1,5,176,"0",28
"Josh VanMeter",0,0,3,0,3,0,0,0,3,15,13,13,5,2,0,0,0,0,0,27,"0",27
"Josh Winckowski",5,7,15,14,1,0,0,0,70.1,85,47,46,10,27,1,44,2,0,0,316,"0",24
"Josh Winder",4,6,15,11,0,0,0,0,67,69,37,35,11,18,0,47,5,0,2,287,"0",25
"Josiah Gray",7,10,28,28,0,0,0,0,148.2,136,84,83,38,66,1,154,8,0,7,649,"1",24
"Jovani Moran",0,1,31,0,16,0,0,1,40.2,25,11,10,0,18,0,54,0,0,2,164,"0",25
"Juan Minaya",1,0,6,0,2,0,0,0,9.2,8,6,6,0,5,0,11,3,0,2,45,"0",31
"Julian Merryweather",0,3,26,1,6,0,0,0,26.2,31,20,20,4,7,1,23,2,0,1,119,"0",30
"Julio Ur as",17,7,31,31,0,0,0,0,175,127,51,42,23,41,0,166,5,1,0,689,"0",25
"Junior Fern ndez",0,0,32,0,4,0,0,0,36.4,36,12,10,6,24,0,28,2,0,4,168,"0",25
"Justin Bruihl",1,1,24,0,11,0,0,1,23.2,22,11,10,4,6,2,13,3,0,0,100,"0",25
"Justin Dunn",1,3,7,7,0,0,0,0,31,32,21,21,11,17,0,21,3,0,0,138,"0",26
"Justin Grimm",0,0,15,0,5,0,0,0,15.1,18,8,7,1,7,0,11,2,1,0,71,"0",33
"Justin Lawrence",3,1,38,0,11,0,0,1,42.2,44,27,27,3,22,0,48,1,0,1,191,"0",27
"Justin Steele",4,7,24,24,0,0,0,0,119,111,53,42,8,50,0,126,3,1,4,512,"1",26
"Justin Topa",0,0,7,0,1,0,0,0,7.1,9,6,4,0,4,1,4,0,0,0,35,"0",31
"Justin Verlander",18,4,28,28,0,0,0,0,175,116,43,34,12,29,0,185,6,0,3,666,"0",39
"Justin Wilson",0,1,5,0,0,0,0,0,3.2,3,1,1,0,0,0,7,0,0,0,13,"0",34
"Justus Sheffield",1,0,6,1,3,0,0,0,11.2,9,5,5,1,6,0,7,1,0,0,51,"0",26
"Kaleb Ort",1,2,25,0,6,0,0,1,28.1,35,23,20,4,15,2,27,2,0,1,134,"0",30
"Keegan Akin",3,3,45,1,10,0,0,2,81.2,69,35,29,10,20,0,77,1,0,1,329,"0",27
"Keegan Thompson",10,5,29,17,4,0,0,1,115,103,54,48,16,43,0,108,9,0,5,485,"0",27
"Ken Giles",0,0,5,0,3,0,0,0,4.1,1,0,0,0,4,0,6,0,0,1,18,"0",31
"Ken Waldichuk",2,2,7,7,0,0,0,0,34.2,32,19,19,5,10,0,33,4,0,1,146,"0",24
"Kendall Graveman",3,4,65,0,14,0,0,6,65,65,29,23,5,26,2,66,3,0,3,285,"0",31
"Kenley Jansen",5,2,65,0,54,0,0,41,64,45,25,24,8,22,3,85,2,1,1,260,"1",34
"Kenny Rosenberg",0,0,3,1,1,0,0,0,10.2,9,5,5,1,6,0,8,0,0,0,47,"0",26
"Kervin Castro",0,2,20,0,12,0,0,0,23.5,30,28,28,6,14,0,22,0,0,0,114,"0",23
"Kevin Gausman",12,10,31,31,0,0,0,0,174.2,188,72,65,15,28,0,205,1,2,2,725,"1",31
"Kevin Ginkel",1,1,30,0,3,0,0,1,29.1,27,14,11,1,11,0,30,1,0,1,124,"0",28
"Kevin Herget",0,1,3,0,3,0,0,0,7,9,6,6,0,0,0,4,0,0,0,30,"0",31
"Kevin Plawecki",0,0,2,0,2,0,0,0,2,2,0,0,0,0,0,0,0,0,0,8,"0",31
"Keynan Middleton",1,2,18,0,2,0,0,0,17,16,13,10,5,3,0,15,1,0,1,69,"0",28
"Kirby Snead",1,1,46,0,14,0,0,1,44.2,56,31,29,5,22,3,35,2,0,3,210,"0",27
"Kirby Yates",0,0,9,0,3,0,0,0,7,6,4,4,2,5,0,6,0,0,2,33,"0",35
"Kirk McCarty",4,3,13,2,6,0,0,0,37.2,37,23,19,11,13,1,26,1,0,0,159,"0",26
"Kodi Whitley",2,0,14,0,5,0,0,0,12.2,11,8,8,2,9,0,12,2,0,0,59,"0",27
"Kody Clemens",0,0,7,0,6,0,0,0,7,12,3,3,0,1,0,1,0,0,0,33,"0",26
"Kohei Arihara",1,3,5,4,0,0,0,0,20,36,22,21,4,11,0,14,3,0,0,108,"0",29
"Kolby Allard",1,2,10,0,4,0,0,1,21,21,17,17,9,6,1,19,1,0,0,87,"0",24
"Konnor Pilkington",1,2,15,11,3,0,0,0,58,53,30,25,6,32,0,50,2,0,1,258,"0",24
"Kris Bubic",3,13,28,27,1,0,0,0,129,156,87,80,18,63,0,110,4,1,4,587,"0",24
"Kutter Crawford",3,6,21,12,3,0,0,0,77.1,81,49,47,12,29,1,77,2,1,4,334,"0",26
"Kyle Barraclough",0,1,8,0,3,0,0,0,9,7,3,3,0,4,0,9,0,0,2,37,"0",32
"Kyle Bradish",4,7,23,23,0,0,0,0,117.2,119,68,64,17,46,0,111,7,0,7,509,"0",25
"Kyle Crick",2,0,14,0,3,0,0,0,15.2,10,7,7,0,11,0,19,2,0,0,66,"0",29
"Kyle Dowdy",0,0,2,0,0,0,0,0,6.1,5,0,0,0,3,0,3,1,0,0,27,"0",29
"Kyle Finnegan",6,4,66,0,24,0,0,11,66.2,54,28,26,9,22,2,70,0,1,0,268,"0",30
"Kyle Freeland",9,11,31,31,0,0,0,0,174.2,193,96,88,19,53,0,131,16,0,4,766,"0",29
"Kyle Gibson",10,8,31,31,0,0,0,0,167.2,176,98,94,24,48,0,144,9,0,4,718,"0",34
"Kyle Hendricks",4,6,16,16,0,0,0,0,84.1,85,45,45,15,24,0,66,3,0,0,356,"0",32
"Kyle Muller",1,1,3,3,0,0,0,0,12.1,13,11,11,2,8,0,12,0,0,2,59,"0",24
"Kyle Nelson",2,1,43,1,4,0,0,0,37,26,10,9,1,14,0,30,3,0,1,151,"0",25
"Kyle Tyler",1,0,2,0,1,0,0,0,4,2,0,0,0,1,0,2,0,0,0,14,"0",25
"Kyle Wright",21,5,30,30,0,0,0,0,180.1,156,67,64,19,53,0,174,9,0,7,738,"0",26
"Lance Lynn",8,7,21,21,0,0,0,0,121.2,119,65,54,19,19,0,124,10,0,4,512,"0",35
"Lance McCullers Jr",4,2,8,8,0,0,0,0,47.2,37,12,12,4,22,0,50,0,0,1,195,"0",28
"Liam Hendriks",4,4,58,0,51,0,0,37,57.2,44,22,18,7,16,1,85,2,0,8,235,"0",33
"Locke St  John",0,0,1,0,1,0,0,0,2,3,3,3,2,0,0,4,0,0,0,9,"0",29
"Logan Allen",2,0,14,0,0,0,0,0,14.4,24,10,10,0,10,0,14,2,0,0,80,"0",25
"Logan Gilbert",13,6,32,32,0,0,0,0,185.2,170,71,66,19,49,2,174,6,0,5,766,"0",25
"Logan Gillaspie",1,0,17,0,6,0,0,0,17.1,20,8,6,1,3,0,10,2,0,1,74,"0",25
"Logan Webb",15,9,32,32,0,0,0,0,192.1,174,76,62,11,49,0,163,7,0,6,787,"0",25
"Lou Trivino",4,16,128,0,60,0,0,22,106.4,128,62,54,12,48,4,134,8,0,6,500,"0",30
"Louie Varland",1,2,5,5,0,0,0,0,26,26,11,11,4,6,1,21,1,0,1,106,"0",24
"Louis Head",0,0,56,0,18,0,0,2,56.4,64,40,40,8,30,2,52,10,0,4,276,"0",32
"Lucas Gilbreath",2,0,47,0,9,0,0,0,43,37,22,20,2,26,0,49,4,0,2,187,"0",26
"Lucas Giolito",11,9,30,30,0,0,0,0,161.2,171,92,88,24,61,1,177,4,0,3,698,"0",27
"Lucas Luetge",4,4,50,0,18,0,0,2,57.1,63,19,17,4,17,1,60,4,0,1,251,"0",35
"Lucas Sims",1,0,6,0,1,0,0,1,6.2,5,7,7,0,6,0,5,1,0,0,31,"0",28
"Luis Castillo",16,12,53,50,1,0,0,0,303.4,238,112,100,26,90,0,338,16,2,0,1244,"1",28.5
"Luis Cessa",4,4,46,10,1,0,0,0,80.2,76,44,41,14,28,0,59,2,0,3,336,"0",30
"Luis Fr as",1,1,15,0,6,0,0,0,17,23,20,20,1,17,0,14,1,1,4,90,"0",24
"Luis Garc a",4,6,64,0,11,0,0,3,61,57,28,23,3,17,0,68,5,0,7,259,"0",35
"Luis Garcia",15,8,28,28,0,0,0,0,157.1,131,70,65,23,47,0,157,1,1,8,643,"0",25
"Luis Gil",0,0,1,1,0,0,0,0,4,5,4,4,0,2,0,5,0,0,1,19,"0",24
"Luis Gonz lez",0,0,5,0,5,0,0,0,6.1,9,4,4,0,1,0,0,0,0,0,30,"0",26
"Luis Ortiz",0,2,10,4,4,0,0,0,24.2,13,10,9,1,13,0,23,0,0,0,102,"0",24.5
"Luis Pati o",1,2,6,6,0,0,0,0,20,26,18,18,6,13,1,11,1,0,0,98,"0",22
"Luis Perdomo",3,0,14,0,3,0,0,0,23.2,24,10,10,4,3,0,12,1,0,0,96,"0",29
"Luis Severino",7,3,19,19,0,0,0,0,102,72,37,36,14,30,0,112,4,0,1,405,"0",28
"Luis Torrens",1,0,2,0,2,0,0,0,2,3,2,1,1,0,0,0,0,0,0,10,"0",26
"Luke Bard",2,2,18,0,10,0,0,0,30,14,6,6,0,14,0,16,4,2,0,118,"0",31
"Luke Barker",0,0,3,0,2,0,0,0,4,7,5,5,2,0,0,3,0,0,1,19,"0",30
"Luke Farrell",0,0,12,4,4,0,0,0,30,36,20,18,6,14,0,28,0,0,0,140,"0",31
"Luke Weaver",2,2,52,2,30,0,0,0,70.4,104,58,52,2,26,0,76,6,0,4,348,"0",28
"MacKenzie Gore",4,4,16,13,0,0,0,0,70,66,35,35,7,37,0,72,4,0,6,309,"0",23
"Madison Bumgarner",7,15,30,30,0,0,0,0,158.2,179,97,86,25,49,0,112,9,0,2,698,"0",32
"Manny Banuelos",4,2,70,0,14,0,0,2,81.3,64,46,40,4,42,2,84,6,0,0,350,"0",31
"Manuel Rodr guez",2,0,14,0,5,0,0,4,13.2,10,6,5,1,9,0,8,0,0,2,57,"0",25
"Marco Gonzales",10,15,32,32,0,0,0,0,183,194,97,84,30,50,1,103,7,0,1,783,"0",30
"Marcos Dipl n",0,0,5,0,2,0,0,0,5.2,4,2,1,0,5,0,8,0,0,0,27,"0",25
"Marcus Stroman",6,7,25,25,0,0,0,0,138.2,123,61,54,16,36,0,119,4,2,2,569,"1",31
"Mark Appel",0,0,6,0,3,0,0,0,10.1,9,2,2,0,3,0,5,0,0,0,40,"0",30
"Mark Leiter Jr",2,7,35,4,11,0,0,3,67.2,52,32,30,10,25,2,73,7,0,5,282,"0",31
"Mark Melancon",3,10,62,0,48,0,0,18,56,63,37,29,5,21,2,35,1,0,6,247,"0",37
"Mart n P rez",12,8,32,32,0,1,1,0,196.1,178,70,63,11,69,0,169,6,2,6,821,"0",31
"Marwin Gonzalez",0,0,1,0,1,0,0,0,0.1,0,0,0,0,0,0,0,0,0,0,1,"0",33
"Mason Thompson",1,1,24,0,8,0,0,1,24.2,19,8,8,2,9,0,15,1,0,1,101,"0",24
"Matt Barnes",0,4,44,0,16,0,0,8,39.2,36,22,19,2,21,1,34,3,0,4,176,"0",32
"Matt Brash",4,4,39,5,3,0,0,0,50.2,46,25,25,3,33,1,62,2,0,3,222,"0",24
"Matt Bush",4,6,130,12,22,0,0,6,118.4,86,62,46,22,36,4,148,6,0,8,488,"0",36
"Matt Dermody",0,0,1,0,1,0,0,0,1,2,2,2,0,2,1,1,0,0,0,7,"0",31
"Matt Festa",2,0,53,0,13,0,0,2,54,43,26,25,10,18,0,64,2,0,1,219,"0",29
"Matt Foster",1,2,48,0,12,0,0,1,45,43,25,22,6,17,1,42,0,0,1,193,"0",27
"Matt Gage",0,1,11,0,5,0,0,0,13,6,4,2,1,6,1,12,1,0,0,50,"0",29
"Matt Koch",0,0,4,0,2,0,0,0,4.1,5,4,4,2,1,0,3,0,0,0,19,"0",31
"Matt Manning",2,3,12,12,0,0,0,0,63,55,27,24,6,19,0,48,1,0,2,263,"0",24
"Matt Moore",5,2,63,0,18,0,0,5,74,49,20,16,3,38,2,83,1,0,8,304,"0",33
"Matt Peacock",0,0,18,0,14,0,0,0,19.3,24,12,12,2,8,0,12,0,0,2,92,"0",28
"Matt Reynolds",0,0,4,0,4,0,0,0,2.2,6,2,2,0,0,0,0,4,0,0,18,"0",31
"Matt Strahm",4,4,50,0,10,0,0,4,44.2,38,24,19,5,17,1,52,5,1,2,193,"0",30
"Matt Swarmer",2,3,11,5,2,0,0,0,34,33,26,19,12,20,1,36,0,0,1,153,"0",28
"Matt Wisler",3,3,39,5,10,0,0,1,44,30,18,11,6,14,1,35,0,1,1,176,"0",29
"Matthew Batten",0,0,2,0,2,0,0,0,2,2,1,1,1,0,0,1,0,0,0,8,"0",27
"Matthew Boyd",2,0,10,0,1,0,0,0,13.1,5,2,2,0,8,3,13,1,0,0,53,"0",31
"Matthew Liberatore",2,2,9,7,1,0,0,0,34.2,42,23,23,5,18,0,28,1,0,5,161,"0",22
"Mauricio Llovera",0,0,17,1,5,0,0,0,16.1,14,8,8,2,8,1,20,0,0,1,72,"0",26
"Max Castillo",0,4,28,12,8,0,0,0,77.5,76,56,52,16,30,0,74,4,0,4,340,"0",23
"Max Fried",14,7,30,30,0,0,0,0,185.1,156,55,51,12,32,2,170,4,0,9,733,"0",28
"Max Kranick",0,0,2,0,0,0,0,0,5,3,0,0,0,3,0,4,0,0,1,19,"0",24
"Max Meyer",0,1,2,2,0,0,0,0,6,7,5,5,2,2,0,6,0,0,0,26,"0",23
"Max Scherzer",11,5,23,23,0,0,0,0,145.1,108,39,37,13,24,0,173,11,0,1,565,"0",37
"Max Schrock",0,0,1,0,1,0,0,0,1,7,5,5,2,0,0,0,0,0,0,10,"0",27
"Merrill Kelly",13,8,33,33,0,0,0,0,200.1,167,77,75,21,61,2,177,2,1,4,804,"0",33
"Michael A  Taylor",0,0,1,0,1,0,0,0,2,5,2,2,1,2,0,2,0,0,0,13,"0",31
"Michael Feliz",0,0,1,0,0,0,0,0,3.1,1,2,1,1,2,0,4,0,0,0,13,"0",29
"Michael Fulmer",10,12,134,0,22,0,0,6,126.4,118,54,48,8,56,12,122,10,0,6,552,"0",29
"Michael Grove",1,0,7,6,1,0,0,0,29.1,32,21,15,6,10,1,24,0,0,2,133,"0",25
"Michael Kelly",0,0,4,0,3,0,0,0,4,3,1,1,1,1,0,4,1,0,0,16,"0",29
"Michael King",6,3,34,0,10,0,0,1,51,35,15,13,3,16,2,66,0,0,2,199,"0",27
"Michael Kopech",5,9,25,25,0,0,0,0,119.1,85,53,47,15,57,0,105,3,2,2,494,"0",26
"Michael Lorenzen",8,6,18,18,0,0,0,0,97.2,81,48,46,11,44,0,85,4,0,3,411,"1",30
"Michael Pineda",2,7,11,11,0,0,0,0,46.2,58,31,30,13,8,0,26,0,0,0,200,"0",33
"Michael Plassmeyer",0,1,2,0,0,0,0,0,7.1,9,3,3,1,1,0,7,0,0,0,29,"0",25
"Michael Rucker",3,1,41,0,9,0,0,0,54.2,50,25,24,8,20,0,50,0,0,4,229,"0",28
"Michael Wacha",11,2,23,23,0,1,1,0,127.1,111,49,47,18,31,0,104,4,0,4,515,"0",30
"Michel B ez",0,0,2,0,2,0,0,0,2,1,0,0,0,0,0,2,0,0,1,7,"0",26
"Miguel Castro",5,0,34,0,2,0,0,0,29,27,16,13,2,15,0,31,4,0,2,131,"0",27
"Miguel D az",0,0,3,0,0,0,0,0,3.2,1,1,1,0,2,0,3,0,0,1,14,"0",27
"Miguel S nchez",1,1,12,0,3,0,0,0,13.1,12,7,6,3,8,2,9,0,0,0,58,"0",28
"Miguel Yajure",1,1,12,1,4,0,0,1,24.1,31,26,24,3,16,1,16,2,1,4,119,"0",24
"Mike Baumann",1,3,13,4,2,0,0,0,34.1,43,19,18,3,9,0,23,2,0,1,149,"0",26
"Mike Brosseau",0,0,3,0,3,0,0,0,3,2,0,0,0,1,0,0,0,0,0,13,"0",28
"Mike Clevinger",7,7,23,22,0,0,0,0,114.1,102,56,55,20,35,0,91,10,0,3,485,"0",31
"Mike Ford",0,0,2,0,2,0,0,0,2,2,4,4,2,2,0,0,0,0,0,10,"0",29
"Mike Mayers",1,1,24,3,7,0,0,0,50.2,52,35,32,15,18,0,45,2,0,3,223,"0",30
"Mike Minor",4,12,19,19,0,0,0,0,98,120,72,66,24,40,4,76,7,0,2,455,"0",34
"Miles Mikolas",12,13,33,32,0,1,0,0,202.1,170,81,74,25,39,0,153,6,1,1,805,"0",33
"Mitch Keller",5,12,31,29,0,0,0,0,159,162,77,69,14,60,1,138,12,1,2,687,"1",26
"Mitch White",2,14,50,36,4,0,0,0,198,220,124,120,18,70,0,156,6,0,10,880,"0",27
"Mychal Givens",14,6,118,2,24,0,0,4,121.5,112,54,46,16,50,8,142,10,0,4,520,"0",32
"Nabil Crismatt",5,2,50,1,14,0,0,0,67.1,57,29,22,5,22,1,65,2,2,0,280,"0",27
"Nash Walters",0,0,1,0,0,0,0,0,0.1,1,0,0,0,1,0,0,0,0,0,3,"0",25
"Nate Fisher",0,0,1,0,0,0,0,0,3,1,0,0,0,2,0,1,0,0,0,11,"0",26
"Nathan Eovaldi",6,3,20,20,0,2,1,0,109.1,115,55,47,21,20,0,103,1,0,2,460,"1",32
"Nestor Cortes",12,4,28,28,0,1,1,0,158.1,108,44,43,16,38,0,163,2,0,1,615,"0",27
"Nicholas Padilla",0,0,1,0,0,0,0,0,1.2,2,1,1,0,2,0,1,0,0,1,9,"0",25
"Nick Duron",0,0,1,0,0,0,0,0,1,2,0,0,0,0,0,1,0,0,0,4,"0",26
"Nick Gordon",0,0,4,0,3,0,0,0,3.2,10,9,9,2,4,0,0,0,0,0,25,"0",26
"Nick Lodolo",4,7,19,19,0,0,0,0,103.1,90,44,42,13,39,0,131,19,0,6,441,"0",24
"Nick Martinez",4,4,47,10,15,0,0,8,106.1,96,44,41,15,41,0,95,4,0,4,448,"0",31
"Nick Maton",0,0,2,0,2,0,0,0,1.1,4,3,3,0,0,0,0,0,0,0,8,"0",25
"Nick Mears",0,0,2,0,0,0,0,0,2,1,0,0,0,1,0,2,0,0,0,8,"0",25
"Nick Neidert",0,1,1,1,0,0,0,0,5,5,2,2,1,0,0,3,0,0,0,20,"0",25
"Nick Nelson",3,2,47,2,10,0,0,1,68.2,66,38,37,1,36,0,69,4,0,13,306,"0",26
"Nick Pivetta",10,12,33,33,0,1,0,0,179.2,175,91,91,27,73,0,175,5,1,10,773,"0",29
"Nick Sandlin",5,2,46,0,11,0,0,0,44,27,13,11,2,24,3,41,3,0,1,180,"0",25
"Nick Vespi",5,0,25,0,4,0,0,1,26.1,29,12,12,5,8,1,28,1,0,0,112,"0",26
"Nick Wittgren",1,0,29,0,9,0,0,1,29,35,19,19,1,10,0,17,4,0,3,134,"0",31
"Nicklaus Snyder",0,0,2,0,0,0,0,0,1,1,2,2,0,3,0,0,0,0,0,7,"0",26
"Nicky Lopez",0,0,1,0,1,0,0,0,1,3,2,2,2,0,0,0,0,0,0,6,"0",27
"No Ramirez",5,4,55,0,3,0,0,0,50,45,32,29,9,26,2,51,3,0,2,215,"0",32
"Noah Davis",0,0,1,0,0,0,0,0,1,3,2,2,1,1,0,2,0,0,0,7,"0",25
"Noah Syndergaard",20,20,50,48,0,2,0,0,268.4,276,124,118,28,62,0,190,8,0,2,1130,"0",29
"Norge Ru z",0,1,14,0,6,0,0,0,19,30,16,15,4,7,0,18,2,0,2,94,"0",28
"Oliver Ortega",1,3,27,0,7,0,0,1,34,32,18,14,5,18,0,33,1,0,5,148,"0",25
"Oliver P rez",1,1,7,0,1,0,0,0,4,8,9,7,1,1,0,1,1,0,0,24,"0",40
"Orlando Arcia",0,0,1,0,1,0,0,0,1,0,0,0,0,1,0,0,0,0,0,4,"0",27
"Pablo L pez",10,10,32,32,0,0,0,0,180,157,78,75,21,53,1,174,8,0,4,736,"1",26
"Pablo Reyes",0,0,1,0,1,0,0,0,1,0,0,0,0,0,0,0,0,0,0,3,"0",28
"Packy Naughton",0,2,26,3,5,0,0,1,32,39,17,17,3,7,1,31,1,0,1,141,"0",26
"Paolo Espino",0,9,42,19,18,1,0,0,113.1,131,64,61,24,24,0,92,2,0,1,487,"0",35
"Parker Markel",0,0,3,0,1,0,0,0,3,1,0,0,0,5,0,3,0,0,0,13,"0",31
"Parker Mushinski",0,0,7,0,1,0,0,0,7.1,5,3,3,0,3,0,8,1,0,0,30,"0",26
"Patrick Corbin",6,19,31,31,0,1,0,0,152.2,210,119,107,27,49,1,128,7,0,2,713,"0",32
"Patrick Murphy",0,0,6,0,1,0,0,0,5.2,8,6,4,0,8,0,4,0,0,1,34,"0",27
"Patrick Sandoval",6,9,27,27,0,1,1,0,148.2,139,56,48,8,60,0,151,5,0,6,638,"0",25
"Paul Blackburn",7,6,21,21,0,0,0,0,111.1,110,53,53,15,30,2,89,5,0,1,467,"0",28
"Paul Fry",0,0,26,0,14,0,0,0,26,22,20,18,2,18,0,28,4,0,4,122,"0",29
"Paul Sewald",5,4,65,0,37,0,0,20,64,32,21,19,10,17,4,72,4,0,1,242,"0",32
"Pedro Avila",0,0,2,0,1,0,0,0,4,3,3,2,1,1,0,5,1,0,1,18,"0",25
"Pedro B ez",0,0,3,0,1,0,0,0,2.1,5,6,3,0,3,0,2,0,1,0,16,"0",34
"Penn Murfee",4,0,64,1,15,0,0,0,69.1,48,23,23,7,18,1,76,2,0,2,272,"0",28
"Pete Fairbanks",0,0,24,0,10,0,0,8,24,13,3,3,1,3,0,38,0,0,0,87,"0",28
"Peter Strzelecki",2,1,30,0,13,0,0,1,35,28,13,11,2,15,2,40,1,0,0,148,"0",27
"Phil Bickford",2,1,60,0,13,0,0,0,61,53,33,32,12,14,0,67,2,0,0,247,"0",26
"Phil Gosselin",0,0,1,0,1,0,0,0,1,0,0,0,0,0,0,0,0,0,0,3,"0",33
"Phil Maton",0,2,67,0,10,0,0,0,65.2,58,34,28,10,24,2,73,8,0,0,281,"0",29
"Phillip Diehl",0,0,5,0,1,0,0,0,5.2,8,7,7,3,3,1,3,0,0,1,28,"0",27
"Phillips Valdez",0,1,13,0,8,0,0,0,16.1,12,11,8,0,7,0,13,6,1,1,72,"0",30
"Phoenix Sanders",0,0,8,0,3,0,0,0,14.2,12,5,5,0,3,0,12,0,0,0,57,"0",27
"Pierce Johnson",1,2,15,0,1,0,0,0,14.1,14,8,8,1,8,0,21,0,0,1,64,"0",31
"R J  Alvarez",0,1,1,0,0,0,0,0,2.1,4,3,3,2,3,0,2,0,0,0,13,"0",31
"Rafael Montero",5,2,71,0,25,0,0,14,68.1,47,22,18,3,23,2,73,2,0,1,270,"0",31
"Raisel Iglesias",4,12,134,0,78,0,0,34,123.3,92,40,34,10,28,2,156,6,0,6,492,"0",32
"Ralph Garza",2,2,19,0,10,0,0,0,35,38,14,13,4,16,2,17,2,0,2,153,"0",28
"Randal Grichuk",0,0,1,0,1,0,0,0,1,0,0,0,0,0,0,0,0,0,0,3,"0",30
"Ranger Su rez",10,7,29,29,0,0,0,0,155.1,149,74,63,15,58,0,129,2,2,4,662,"0",26
"Ray Kerr",0,0,7,0,6,0,0,0,5,3,5,5,1,4,0,3,0,0,1,21,"0",27
"Raynel Espinal",0,1,2,0,0,0,0,0,4.2,6,4,4,1,1,0,5,0,0,0,21,"0",30
"Reed Garrett",0,1,7,0,0,0,0,0,9.1,13,8,7,1,8,1,6,1,0,1,49,"0",29
"Reese McGuire",0,0,2,0,2,0,0,0,2,0,0,0,0,0,0,0,0,0,0,6,"0",27
"Reid Detmers",7,6,25,25,0,1,1,0,129,110,56,54,13,46,1,122,8,0,2,539,"0",22
"Reiss Knehr",0,0,5,1,2,0,0,0,13.2,11,6,6,1,4,0,10,4,1,0,59,"0",25
"Reiver Sanmartin",4,4,45,4,3,0,0,0,57,66,43,40,8,29,2,47,0,2,2,256,"0",26
"Reyes Moronta",4,4,78,0,28,0,0,4,74.4,60,40,36,10,36,2,76,4,0,16,322,"0",29
"Reynaldo L pez",6,4,61,1,8,0,0,0,65.1,51,24,20,1,11,1,63,1,0,4,254,"0",28
"Rich Hill",8,7,26,26,0,0,0,0,124.1,125,67,59,15,37,0,109,4,2,0,526,"0",42
"Richard Bleier",2,2,55,1,12,0,0,1,50.2,63,22,20,3,10,3,32,1,3,3,222,"0",35
"Rico Garcia",0,0,6,0,4,0,0,0,8,8,4,4,2,3,0,2,0,0,0,35,"0",28
"Riley O Brien",0,0,1,0,1,0,0,0,1,1,0,0,0,1,0,1,0,0,0,5,"0",27
"Roansy Contreras",5,5,21,18,1,0,0,0,95,82,45,40,13,39,1,86,2,0,11,408,"0",22
"Rob Zastryzny",0,0,12,0,2,0,0,0,8,6,8,6,0,2,0,6,0,0,2,32,"0",30
"Robbie Erlin",0,0,2,0,2,0,0,0,2,2,2,2,1,1,0,1,0,0,0,9,"0",31
"Robbie Ray",12,12,32,32,0,0,0,0,189,163,80,78,32,62,0,212,7,0,5,775,"0",30
"Robert Dugger",0,2,8,2,2,0,0,0,31.3,38,22,22,6,14,0,38,0,0,4,144,"0",26
"Robert Gsellman",0,2,8,0,5,0,0,1,15.1,17,10,8,2,3,0,9,0,0,0,64,"0",28
"Robert Stephenson",4,4,116,0,26,0,0,0,115.3,126,78,70,20,28,2,110,2,0,8,494,"0",29
"Robert Suarez",5,1,45,0,6,0,0,1,47.2,29,13,12,4,21,0,61,4,1,2,191,"0",31
"Roenis El as",0,0,7,0,5,0,0,0,7.2,7,3,3,1,3,0,6,0,0,0,33,"0",33
"Ron Marinaccio",1,0,40,0,8,0,0,0,44,22,12,10,2,24,0,56,6,0,5,181,"0",26
"Ronald Bola os",0,0,8,0,4,0,0,0,18.1,20,9,9,2,12,1,12,3,0,1,87,"0",25
"Ronel Blanco",0,0,7,0,3,0,0,0,6.1,8,5,5,1,4,0,7,1,0,0,32,"0",28
"Ronny Henriquez",0,1,3,0,1,0,0,0,11.2,8,4,3,1,3,0,9,2,0,0,50,"0",22
"Rony Garc a",3,3,16,8,2,0,0,0,51,40,27,25,9,13,0,48,4,0,3,206,"0",24
"Ross Detwiler",0,2,30,0,7,0,0,1,26.1,31,13,13,5,10,2,28,3,0,0,122,"0",36
"Ross Stripling",10,4,32,24,2,0,0,1,134.1,117,49,45,12,20,0,111,2,0,0,536,"0",32
"Rowan Wick",4,7,64,0,22,0,0,9,64,79,37,30,9,29,2,69,1,0,3,294,"0",29
"Ryan Borucki",4,0,64,0,8,0,0,0,50.2,48,32,32,12,22,0,42,4,0,10,222,"0",28
"Ryan Brasier",0,3,68,0,11,0,0,1,62.1,68,43,40,9,13,1,64,1,0,1,263,"0",34
"Ryan Burr",1,1,8,0,2,0,0,0,9,8,7,6,3,4,0,7,0,0,0,39,"0",28
"Ryan Castellani",0,0,3,0,1,0,0,0,2.2,2,1,0,0,0,0,1,0,0,2,11,"0",26
"Ryan Feltner",4,9,20,19,0,0,0,0,97.1,102,65,63,16,35,0,84,5,0,4,428,"0",25
"Ryan Helsley",9,1,54,0,33,0,0,19,64.2,28,11,9,6,20,1,94,0,0,1,239,"0",27
"Ryan Hendrix",0,0,9,0,7,0,0,0,8.1,9,5,5,0,6,1,9,2,0,3,38,"0",27
"Ryan McKenna",0,0,2,0,2,0,0,0,1.1,5,2,2,0,1,0,0,0,0,0,10,"0",25
"Ryan Pepiot",3,0,9,7,0,0,0,0,36.1,26,15,14,6,27,0,42,3,0,1,160,"0",24
"Ryan Pressly",3,3,50,0,43,0,0,33,48.1,30,17,16,4,13,0,65,0,0,0,182,"0",33
"Ryan Tepera",5,4,59,0,12,0,0,6,57.1,42,27,23,7,20,3,47,2,0,5,232,"0",34
"Ryan Thompson",3,3,47,0,7,0,0,3,42.2,39,24,18,4,11,2,39,2,1,1,181,"0",30
"Ryan Weathers",0,0,1,1,0,0,0,0,3.2,6,4,4,0,4,0,3,0,0,0,21,"0",22
"Ryan Weber",0,0,5,0,4,0,0,1,10.2,6,1,1,1,1,0,3,0,0,0,37,"0",31
"Ryan Yarbrough",3,8,20,9,2,0,0,0,80,88,44,40,12,22,0,61,11,0,3,355,"0",30
"Ryne Nelson",1,1,3,3,0,0,0,0,18.1,9,4,3,2,6,1,16,0,0,0,69,"0",24
"Ryne Stanek",2,1,59,0,10,0,0,1,54.2,36,8,7,2,31,1,62,0,0,4,224,"0",30
"Sam Clay",0,0,14,0,2,0,0,0,10.2,8,12,10,2,8,0,10,8,0,0,58,"0",29
"Sam Coonrod",0,0,12,0,3,0,0,0,12.2,12,12,11,1,7,0,12,3,0,1,58,"0",29
"Sam Hentges",3,2,57,0,15,0,0,1,62,41,17,16,3,19,1,72,3,0,3,245,"0",25
"Sam Howard",0,0,3,0,2,0,0,0,2,2,2,2,1,4,0,1,1,0,0,12,"0",29
"Sam Long",1,3,28,6,12,0,0,1,42.1,39,23,17,8,14,1,33,1,0,3,181,"0",26
"Sam Moll",2,1,53,0,7,0,0,0,43.1,33,16,14,5,22,6,46,3,0,2,187,"0",30
"Sam Selman",0,0,16,0,7,0,0,0,18.1,16,10,10,4,5,0,18,1,0,0,75,"0",31
"Sandy Alcantara",14,9,32,32,0,6,1,0,228.2,174,67,58,16,50,1,207,9,0,3,886,"0",26
"Sandy Le n",0,0,2,0,2,0,0,0,4,0,0,0,0,0,0,0,0,0,0,12,"0",33
"Scott Alexander",0,0,17,4,3,0,0,2,17.1,12,2,2,1,1,0,10,0,0,0,63,"0",32
"Scott Barlow",7,4,69,0,47,0,0,24,74.1,52,23,18,9,22,1,77,3,0,5,290,"0",29
"Scott Effross",2,8,120,2,22,0,0,8,112.4,90,46,32,6,30,6,124,2,2,0,458,"0",28
"Sean Doolittle",0,0,6,0,0,0,0,0,5.1,1,0,0,0,0,0,6,0,0,0,17,"0",35
"Sean Hjelle",1,2,8,0,0,0,0,0,25,33,19,16,3,8,0,28,1,0,1,115,"0",25
"Sean Manaea",8,9,30,28,1,0,0,0,158,155,95,87,29,50,1,156,3,0,0,671,"0",30
"Sean Newcomb",4,2,40,2,4,0,0,0,54.4,66,56,54,16,38,0,56,0,0,4,268,"0",29
"Sean Poppen",2,2,29,0,6,0,0,0,28.2,27,15,14,5,12,3,22,1,0,2,120,"0",28
"Sean Reid Foley",0,0,7,0,3,0,0,0,10,7,6,6,1,7,0,8,1,0,0,44,"0",26
"Seranthony Dom nguez",6,5,54,0,16,0,0,9,51,36,18,17,4,22,1,61,1,0,3,207,"0",27
"Sergio Romo",0,2,46,0,10,0,0,0,35.3,38,32,30,14,12,2,28,0,0,4,158,"0",39
"Seth Lugo",3,2,62,0,20,0,0,3,65,58,26,26,9,18,1,69,3,0,2,272,"0",32
"Seth Martinez",1,1,29,0,7,0,0,0,38.2,26,10,9,3,14,1,38,1,0,0,155,"0",27
"Shane Baz",1,2,6,6,0,0,0,0,27,27,15,15,5,9,0,30,1,0,2,117,"0",23
"Shane Bieber",13,8,31,31,0,1,0,0,200,172,70,64,18,36,0,198,2,1,5,791,"0",27
"Shane Greene",2,0,4,0,4,0,0,0,6,6,4,4,2,2,0,4,0,0,0,26,"0",33
"Shane McClanahan",12,8,28,28,0,0,0,0,166.1,116,52,47,19,38,1,194,3,0,9,641,"1",25
"Shaun Anderson",0,0,1,0,1,0,0,0,1,4,2,2,0,0,0,0,0,0,0,7,"0",27
"Shawn Armstrong",4,6,100,6,38,0,0,4,122.4,132,64,60,14,34,4,132,8,0,6,538,"0",31
"Shelby Miller",0,1,4,0,0,0,0,0,7,6,5,5,0,3,1,14,0,0,0,30,"0",31
"Sheldon Neuse",0,0,3,0,3,0,0,0,3.2,1,0,0,0,0,0,0,0,0,0,12,"0",27
"Shohei Ohtani",15,9,28,28,0,0,0,0,166,124,45,43,14,44,0,219,2,0,14,660,"1",27
"Silvino Bracho",0,0,3,0,2,0,0,0,4.1,3,3,3,2,1,0,4,1,0,0,18,"0",29
"Simeon Woods Richardson",0,1,1,1,0,0,0,0,5,3,3,2,1,2,0,3,0,0,1,20,"0",21
"Sonny Gray",8,5,24,24,0,0,0,0,119.2,99,44,41,11,36,0,117,6,0,3,488,"1",32
"Spencer Howard",2,4,10,8,0,0,0,0,37.2,50,33,31,12,15,1,32,1,1,1,179,"0",25
"Spencer Patton",0,0,7,0,1,0,0,0,7,4,3,3,1,3,0,5,2,0,1,29,"0",34
"Spencer Strider",11,5,31,20,3,0,0,0,131.2,86,42,39,7,45,1,202,3,0,6,528,"1",23
"Spenser Watkins",5,6,23,20,1,0,0,0,105.1,119,59,55,11,30,0,63,4,1,3,459,"0",29
"Stephen Nogosek",1,1,12,0,3,0,0,0,22,20,10,6,4,7,0,21,1,0,1,95,"0",27
"Stephen Strasburg",0,1,1,1,0,0,0,0,4.2,8,7,7,1,2,0,5,1,0,1,23,"0",33
"Steve Cishek",1,4,69,0,12,0,0,1,66.1,54,33,31,11,27,1,74,13,0,3,287,"0",36
"Steven Brault",0,0,9,0,1,0,0,0,9,8,4,3,0,5,0,8,1,0,1,39,"0",30
"Steven Matz",5,3,15,10,1,0,0,0,48,50,28,28,8,10,0,54,2,0,1,207,"0",31
"Steven Okert",5,5,60,0,5,0,0,0,51.1,34,19,17,7,26,2,63,7,0,1,221,"0",30
"Steven Wilson",4,2,50,1,8,0,0,1,53,36,20,18,7,20,0,53,3,0,4,214,"0",27
"T J  McFarland",0,0,28,0,11,0,0,0,32.2,42,26,24,5,11,0,16,2,0,2,145,"0",33
"T J  Zeuch",0,3,3,3,0,0,0,0,10.2,24,18,18,5,7,0,5,3,0,0,64,"0",26
"Taijuan Walker",12,5,29,29,0,0,0,0,157.1,143,63,61,15,45,1,132,6,0,0,649,"0",29
"Tanner Banks",2,0,35,0,15,0,0,0,53,42,25,18,5,18,0,49,1,0,2,217,"0",30
"Tanner Houck",5,4,32,4,14,0,0,8,60,49,22,21,3,22,3,56,6,0,3,247,"0",26
"Tanner Rainey",1,3,29,0,20,0,0,12,30,26,16,11,5,13,0,36,0,0,1,128,"0",29
"Tanner Scott",4,5,67,0,35,0,0,20,62.2,55,34,30,5,46,1,90,4,0,3,289,"0",27
"Tanner Tully",0,0,3,0,2,0,0,0,6,8,4,4,1,6,1,2,0,0,1,30,"0",27
"Tarik Skubal",7,8,21,21,0,0,0,0,117.2,104,53,46,9,32,0,117,1,0,1,477,"0",25
"Tayler Saucedo",0,0,4,0,0,0,0,0,2.2,6,4,4,3,1,0,0,0,0,0,15,"0",29
"Tayler Scott",0,1,8,0,2,0,0,0,12,19,10,9,1,6,0,13,0,0,0,59,"0",30
"Taylor Clarke",3,1,47,0,8,0,0,3,49,50,25,22,6,8,0,48,1,0,3,203,"0",29
"Taylor Hearn",6,8,31,13,3,0,0,1,100,107,60,57,11,43,0,97,3,0,3,449,"0",27
"Taylor Rogers",8,16,132,0,80,0,0,62,128.2,114,76,68,14,38,4,168,22,0,2,548,"0",31
"Taylor Widener",0,1,14,0,4,0,0,0,17.1,22,8,7,2,5,1,14,3,0,0,82,"0",27
"Thomas Hatch",0,1,1,1,0,0,0,0,4.2,12,10,10,3,2,0,4,1,0,0,26,"0",27
"Thomas Szapucki",0,2,22,2,4,0,0,0,29.3,38,24,24,12,14,0,36,0,0,2,134,"0",26
"Tim Hill",3,0,55,0,21,0,0,0,48,45,20,19,1,14,1,25,4,0,1,199,"0",32
"Tim Mayza",8,1,63,0,9,0,0,2,48.2,42,19,17,7,12,2,44,1,1,2,193,"0",30
"Tommy Henry",3,4,9,9,0,0,0,0,47,47,28,28,10,21,1,36,3,0,3,205,"0",24
"Tommy Hunter",0,1,18,0,7,0,0,0,22.1,21,8,6,4,6,0,22,0,0,1,94,"0",35
"Tommy Kahnle",0,0,13,0,2,0,0,1,12.2,5,4,4,2,3,0,14,3,0,1,46,"0",32
"Tommy Milone",1,1,7,0,3,0,0,0,16.2,14,10,10,4,6,0,5,1,0,0,69,"0",35
"Tommy Nance",2,3,35,2,8,0,0,0,43.2,45,22,21,5,21,3,57,4,0,5,196,"0",31
"Tommy Romero",2,2,8,4,2,0,0,0,15.5,22,24,20,14,18,0,14,0,0,0,88,"0",24
"Tony Gonsolin",16,1,24,24,0,0,0,0,130.1,79,32,31,11,35,1,119,4,0,5,498,"0",28
"Tony Santillan",0,1,21,0,4,0,0,4,19.2,23,14,12,1,12,1,21,4,0,4,96,"0",25
"Touki Toussaint",1,1,8,2,2,0,0,0,25.1,15,13,13,2,19,0,26,4,0,2,108,"0",26
"Travis Lakins Sr",0,1,6,0,3,0,0,0,10.1,14,11,11,3,6,0,8,1,0,1,50,"0",28
"Trent Thornton",0,2,32,0,6,0,0,0,46,40,21,21,7,17,0,37,1,0,1,189,"0",28
"Trevor Gott",3,4,45,0,3,0,0,0,45.2,35,25,21,8,12,0,44,3,0,0,186,"0",29
"Trevor Kelley",1,0,18,0,8,0,0,0,23.2,25,17,16,7,9,0,23,2,0,0,107,"0",29
"Trevor May",2,0,26,0,6,0,0,1,25,27,14,14,4,9,0,30,0,0,0,111,"0",32
"Trevor Megill",4,3,39,0,11,0,0,0,45,50,29,24,4,17,0,49,1,0,2,196,"0",28
"Trevor Richards",3,2,62,4,10,0,0,0,64,57,41,38,9,35,1,82,1,0,3,281,"0",29
"Trevor Rogers",4,11,23,23,0,0,0,0,107,116,69,65,15,45,0,106,5,0,5,477,"0",24
"Trevor Stephan",6,5,66,0,8,0,0,3,63.2,57,24,19,3,18,2,82,4,0,3,267,"0",26
"Trevor Williams",3,5,30,9,5,0,0,1,89.2,87,34,32,12,23,1,84,4,0,1,372,"0",30
"Triston McKenzie",11,11,31,30,1,0,0,0,191.1,138,65,63,25,44,0,190,5,0,8,741,"0",24
"Tucker Barnhart",0,0,1,0,1,0,0,0,1,3,1,1,0,0,0,0,0,0,0,5,"0",31
"Tucker Davidson",4,14,24,22,2,0,0,0,103.3,108,78,78,14,70,0,66,6,0,2,486,"0",26
"Ty Blach",1,0,24,1,10,0,0,1,44.1,51,29,29,4,11,2,29,2,0,1,193,"0",31
"Tyler Alexander",4,11,27,17,1,0,0,0,101,108,58,54,18,25,1,61,1,0,0,427,"0",27
"Tyler Anderson",15,5,30,28,0,0,0,0,178.2,145,57,51,14,34,0,138,9,0,6,707,"0",32
"Tyler Beede",4,10,62,10,12,0,0,0,121.5,142,74,70,14,58,4,78,10,0,10,570,"0",29
"Tyler Clippard",0,0,4,0,3,0,0,0,5,6,4,4,1,4,0,4,3,0,0,28,"0",37
"Tyler Cyr",2,0,24,0,6,0,0,0,26.2,22,8,8,4,10,0,32,2,0,0,110,"0",29
"Tyler Danish",3,1,32,0,10,0,0,0,40.1,40,24,23,7,12,0,32,4,0,1,173,"0",27
"Tyler Duffey",2,4,40,0,10,0,0,2,44,45,24,24,8,15,1,39,1,0,2,185,"0",31
"Tyler Gilbert",0,3,8,7,1,0,0,0,34.1,33,21,20,8,10,1,20,1,0,0,146,"0",28
"Tyler Glasnow",0,0,2,2,0,0,0,0,6.2,4,1,1,1,2,0,10,0,0,1,26,"0",28
"Tyler Holton",0,0,10,0,5,0,0,0,9,8,3,3,1,2,0,6,1,0,1,39,"0",26
"Tyler Kinley",1,1,25,0,3,0,0,0,24,21,5,2,0,6,0,27,1,0,2,100,"0",31
"Tyler Mahle",12,16,46,46,0,0,0,0,240.4,208,122,118,32,86,0,252,4,2,6,1006,"0",27
"Tyler Matzek",4,2,42,0,6,0,0,1,43.2,26,21,17,3,29,2,36,2,0,7,184,"0",31
"Tyler Rogers",3,4,68,0,8,0,0,0,75.2,73,34,30,3,23,0,49,5,1,1,319,"0",31
"Tyler Thornburg",0,2,28,0,18,0,0,0,37.3,32,20,14,2,22,0,28,2,0,0,174,"0",33
"Tyler Wells",7,7,23,23,0,0,0,0,103.2,90,49,49,16,28,0,76,2,0,0,423,"0",27
"Tylor Megill",4,2,15,9,2,0,0,0,47.1,46,27,27,7,13,0,51,1,0,1,200,"0",26
"Tyson Miller",1,2,4,2,0,0,0,0,10.2,16,14,13,1,8,0,8,2,0,0,56,"0",26
"V ctor Arano",1,1,43,0,7,0,0,1,42,47,30,21,5,12,0,44,4,0,6,187,"0",27
"Victor Caratini",0,0,1,0,1,0,0,0,1,2,3,3,0,1,0,0,1,0,0,7,"0",28
"Vince Velasquez",3,3,27,9,8,0,0,0,75.1,68,42,40,11,25,0,69,2,1,1,319,"0",30
"Vinny Nittoli",0,0,2,0,0,0,0,0,2,0,0,0,0,1,0,1,1,0,0,8,"0",31
"Vladimir Gutierrez",1,6,10,8,0,0,0,0,36.2,46,31,31,8,24,1,29,6,0,2,179,"0",26
"Wade Miley",2,2,9,8,0,0,0,0,37,31,20,13,3,14,0,28,2,0,1,159,"0",35
"Walker Buehler",6,3,12,12,0,1,1,0,65,67,30,29,8,17,0,58,2,0,1,274,"0",27
"Wandy Peralta",3,4,56,0,18,0,0,4,56.1,42,19,17,2,17,1,47,1,1,2,223,"0",30
"Whit Merrifield",0,0,2,0,2,0,0,0,2,4,4,4,2,0,0,0,2,0,0,12,"0",33
"Wil Crowe",6,10,60,1,20,0,0,4,76,68,40,37,8,38,0,68,3,0,3,332,"0",27
"Wil Myers",0,0,4,0,4,0,0,0,3.2,4,3,3,3,0,0,0,1,0,0,16,"0",31
"Will Smith",0,6,130,0,36,0,0,10,118,116,70,52,18,50,6,130,4,6,4,522,"0",32
"Will Vest",3,3,59,2,8,0,0,1,63,62,30,28,6,22,0,63,3,0,7,272,"0",27
"William Woods",0,0,2,0,1,0,0,0,2,2,0,0,0,1,0,2,0,0,0,8,"0",23
"Willians Astudillo",0,0,2,0,2,0,0,0,2,0,0,0,0,2,0,0,0,0,0,7,"0",30
"Wily Peralta",2,0,28,1,6,0,0,0,38.1,34,12,11,2,24,0,32,1,0,1,168,"0",33
"Wyatt Mills",0,2,54,0,6,0,0,0,57.5,52,30,30,2,26,4,52,10,0,6,256,"0",27
"Xzavion Curry",0,1,2,2,0,0,0,0,9.1,13,7,6,1,6,0,3,1,0,0,47,"0",23
"Yadier Molina",0,0,2,0,2,0,0,0,2,6,4,4,2,0,0,1,0,0,0,12,"0",39
"Yency Almonte",0,0,33,0,3,0,0,1,35.1,18,4,4,2,10,1,33,4,0,0,135,"0",28
"Yennier Cano",2,2,26,0,6,0,0,0,35.3,52,46,46,6,32,0,42,2,0,4,194,"1",28
"Yerry De Los Santos",0,3,26,0,13,0,0,3,25.2,22,18,14,3,11,1,26,1,0,0,112,"0",24
"Yerry Rodr guez",0,0,1,0,0,0,0,0,1,1,0,0,0,0,0,1,0,0,1,4,"0",24
"Yimi Garc a",4,5,61,0,9,0,0,1,61,48,26,21,6,16,3,58,4,1,1,247,"0",31
"Yoan L pez",1,0,8,0,5,0,0,0,11,14,8,7,2,5,1,10,1,0,0,51,"0",29
"Yohan Ramirez",9,2,68,0,36,0,0,2,84.3,74,46,46,11,47,2,75,15,0,6,385,"0",27
"Yolmer Sanchez",0,0,1,0,1,0,0,0,1,3,1,1,0,0,0,0,0,0,0,6,"0",30
"Yonny Chirinos",1,0,2,1,0,0,0,0,7,7,0,0,0,1,0,6,1,0,1,30,"0",28
"Yu Chang",0,0,4,0,4,0,0,0,4,12,6,6,2,0,0,0,0,0,0,22,"0",26
"Yu Darvish",16,8,30,30,0,0,0,0,194.2,148,67,67,22,37,0,197,12,1,4,771,"0",35
"Yunior Marte",1,1,39,0,10,0,0,0,48,47,32,29,5,22,0,44,6,0,3,214,"0",27
"Yusei Kikuchi",6,7,32,20,4,0,0,1,100.2,93,67,58,23,58,0,124,9,0,3,454,"0",31
"Zac Gallen",12,4,31,31,0,0,0,0,184,121,56,52,15,47,0,192,12,0,5,714,"1",26
"Zac Lowther",0,0,1,0,0,0,0,0,5.1,8,6,5,0,2,0,1,1,0,0,28,"0",26
"Zach Davies",2,5,27,27,0,0,0,0,134.1,122,66,61,21,52,0,102,2,0,1,570,"0",29
"Zach Eflin",3,5,20,13,2,0,0,1,75.2,70,38,34,8,15,1,65,5,0,0,313,"0",28
"Zach Jackson",2,3,54,0,10,0,0,3,48,28,18,16,1,33,3,67,2,0,9,202,"0",27
"Zach Logue",3,8,14,10,1,0,0,0,57,68,44,43,13,20,0,42,2,0,0,257,"0",26
"Zach Plesac",3,12,25,24,0,0,0,0,131.2,136,74,63,19,38,0,100,5,0,4,568,"0",27
"Zach Pop",8,0,70,0,16,0,0,0,78,82,26,24,4,8,0,50,4,0,2,314,"0",25
"Zach Thompson",3,10,29,22,1,0,0,0,121.2,138,76,70,19,46,0,90,3,0,5,543,"0",28
"Zack Britton",0,0,3,0,0,0,0,0,0.2,1,1,1,0,6,0,1,0,0,1,9,"0",34
"Zack Greinke",4,9,26,26,0,0,0,0,137,157,65,56,14,27,0,73,3,0,7,585,"0",38
"Zack Kelly",1,0,13,0,2,0,0,0,13.2,14,6,6,2,4,0,11,0,0,0,59,"0",27
"Zack Littell",3,3,39,0,7,0,0,1,44.1,48,25,25,8,13,0,39,1,0,1,190,"0",26
"Zack Thompson",1,1,22,1,4,0,0,1,34.2,20,9,8,3,14,0,27,0,0,1,136,"0",24
"Zack Weiss",0,1,12,0,6,0,0,0,13.1,7,6,5,2,7,2,18,1,0,2,56,"0",30
"Zack Wheeler",12,7,26,26,0,0,0,0,153,125,52,48,13,34,1,163,7,1,1,607,"0",32
