"Name","G","PA","AB","R","H","2B","3B","HR","RBI","SB","CS","BB","SO","TB","GDP","HBP","SH","SF","IBB","Age","Allstar_batter"
"AJ Pollock",138,527,489,61,120,26,1,14,56,3,1,32,98,190,13,2,0,4,0,34,"0"
"Aaron Bummer",1,0,0,0,0,0,0,0,0,0,0,0,0,0,0,0,0,0,0,28,"0"
"Aaron Hicks",130,453,384,54,83,9,2,8,40,10,3,62,109,120,10,4,1,2,3,32,"0"
"Aaron Judge",157,696,570,133,177,28,0,62,131,16,3,111,175,391,14,6,0,5,19,30,"1"
"Aaron Whitefield",5,11,11,0,0,0,0,0,0,0,0,0,5,0,0,0,0,0,0,25,"0"
"Abraham Almonte",15,37,35,7,9,2,0,1,2,1,0,1,12,14,1,1,0,0,0,33,"0"
"Abraham Toro",109,352,324,36,60,13,1,10,35,2,0,22,65,105,4,2,0,4,1,25,"0"
"Adalberto Mondes",15,54,50,3,7,0,0,0,3,5,0,4,20,7,2,0,0,0,0,26,"0"
"Adam Duvall",86,315,287,39,61,16,1,12,36,0,2,21,101,115,2,5,0,2,0,33,"0"
"Adam Engel",119,260,245,32,55,13,1,2,17,12,4,11,76,76,2,4,0,0,1,30,"0"
"Adam Frazier",156,602,541,61,129,22,4,3,42,11,6,46,73,168,15,5,4,6,1,30,"0"
"Adam Haseley",14,25,21,4,5,0,0,0,2,0,0,3,7,5,0,0,1,0,0,26,"0"
"Adley Rutschman",113,470,398,70,101,35,1,13,42,4,0,65,86,177,4,4,0,3,0,24,"1"
"Adolis Garc a",156,657,605,88,151,34,5,27,101,25,6,40,183,276,9,6,0,6,2,29,"1"
"Adonis Medina",2,0,0,0,0,0,0,0,0,0,0,0,0,0,0,0,0,0,0,25,"0"
"Akil Baddoo",73,225,201,30,41,3,2,2,9,9,6,24,64,54,2,0,0,0,0,23,"0"
"Alan Trejo",35,125,118,15,32,6,0,4,17,1,2,5,31,50,3,2,0,0,0,26,"0"
"Albert Abreu",2,0,0,0,0,0,0,0,0,0,0,0,0,0,0,0,0,0,0,26,"0"
"Albert Almora",64,235,215,26,48,10,1,5,29,3,2,17,46,75,9,1,1,1,0,28,"0"
"Albert Pujols",109,351,307,42,83,14,0,24,68,1,2,28,55,169,13,10,0,6,1,42,"0"
"Alcides Escobar",40,131,124,12,27,4,2,0,8,1,1,5,32,35,1,2,0,0,0,35,"0"
"Alec Bohm",152,631,586,79,164,24,3,13,72,2,3,31,110,233,18,4,0,10,1,25,"0"
"Alec Burleson",16,53,48,4,9,1,0,1,3,1,0,5,9,13,1,0,0,0,0,23,"0"
"Alec Mills",1,0,0,0,0,0,0,0,0,0,0,0,0,0,0,0,0,0,0,30,"0"
"Aledmys D az",92,327,305,35,74,13,0,12,38,1,1,18,53,123,7,2,0,2,0,31,"0"
"Alejandro Kirk",139,541,470,59,134,19,0,14,63,0,0,63,58,195,11,4,0,4,2,23,"0"
"Alejo Lopez",59,156,145,15,38,5,1,1,10,3,1,9,21,48,1,2,0,0,1,26,"0"
"Alek Thomas",113,411,381,45,88,17,1,8,39,4,3,22,74,131,6,3,0,5,0,22,"0"
"Alex Bregman",155,656,548,93,142,38,0,23,93,1,2,87,77,249,18,11,0,10,1,28,"0"
"Alex Call",94,262,228,36,54,6,2,10,26,6,6,30,60,94,4,4,0,0,0,27,"0"
"Alex Colom",1,0,0,0,0,0,0,0,0,0,0,0,0,0,0,0,0,0,0,33,"0"
"Alex Dickerson",13,36,33,3,4,0,0,1,2,0,0,3,9,7,3,0,0,0,0,32,"0"
"Alex Jackson",5,12,12,0,3,0,0,0,0,0,0,0,7,3,0,0,0,0,0,26,"0"
"Alex Kirilloff",45,156,144,14,36,7,0,3,21,0,0,5,36,52,5,4,0,2,0,24,"0"
"Alex Verdugo",152,644,593,75,166,39,1,11,74,1,3,42,86,240,14,3,0,6,2,26,"0"
"Alfonso Rivas",101,287,251,27,59,5,2,3,25,6,1,29,87,77,1,4,1,2,1,25,"0"
"Amed Rosario",153,670,637,86,180,26,9,11,71,18,4,25,111,257,19,4,0,4,0,26,"0"
"Anderson Severino",1,0,0,0,0,0,0,0,0,0,0,0,0,0,0,0,0,0,0,27,"0"
"Andr s Gim nez",146,557,491,66,146,26,3,17,69,20,3,34,112,229,9,25,4,3,4,23,"0"
"Andrelton Simmons",34,85,75,8,13,1,0,0,7,4,0,7,13,14,5,0,3,0,0,32,"0"
"Andrew Bellatti",1,0,0,0,0,0,0,0,0,0,0,0,0,0,0,0,0,0,0,30,"0"
"Andrew Benintendi",252,1042,922,108,280,46,6,10,102,16,6,104,154,368,14,4,2,10,0,27,"0"
"Andrew Knapp",46,134,113,12,15,3,0,0,12,0,0,15,33,18,0,3,0,3,0,30,"0"
"Andrew Knizner",96,293,260,28,56,10,0,4,25,0,1,26,62,78,9,6,1,0,0,27,"0"
"Andrew McCutchen",134,580,515,66,122,25,0,17,69,8,6,57,124,198,10,4,0,4,1,35,"0"
"Andrew Nardi",1,0,0,0,0,0,0,0,0,0,0,0,0,0,0,0,0,0,0,23,"0"
"Andrew Vaughn",134,555,510,60,138,28,1,17,76,0,0,31,96,219,13,9,0,5,0,24,"0"
"Andrew Velazquez",125,349,322,37,63,8,0,9,28,17,1,15,119,98,3,3,6,3,0,27,"0"
"Andy Ib  ez",40,128,119,13,26,4,0,1,9,3,0,9,21,33,0,0,0,0,0,29,"0"
"Anthony Alford",2,4,4,0,1,0,0,0,0,0,0,0,2,1,0,0,0,0,0,27,"0"
"Anthony Bass",2,0,0,0,0,0,0,0,0,0,0,0,0,0,0,0,0,0,0,34,"0"
"Anthony Bemboom",22,59,52,4,6,2,0,1,1,0,0,6,17,11,1,0,1,0,0,32,"0"
"Anthony Rendon",47,193,166,15,38,10,0,5,24,2,0,23,35,63,7,2,0,2,0,32,"0"
"Anthony Rizzo",130,548,465,77,104,21,1,32,75,6,5,58,101,223,13,23,0,2,6,32,"0"
"Anthony Santander",152,647,574,78,138,24,0,33,89,0,2,55,122,261,14,13,0,5,1,27,"0"
"Aramis Garcia",47,115,108,6,23,2,0,1,4,0,1,3,34,28,4,2,2,0,0,29,"0"
"Aristides Aquino",80,276,259,24,51,13,0,10,30,2,3,17,101,94,1,0,0,0,0,28,"0"
"Austin Allen",5,16,14,1,1,0,0,0,0,0,0,1,9,1,1,1,0,0,0,28,"0"
"Austin Barnes",62,212,179,31,38,6,0,8,26,2,1,27,37,68,5,3,2,1,0,32,"0"
"Austin Dean",3,9,8,1,3,0,0,0,0,0,0,1,0,3,0,0,0,0,0,28,"0"
"Austin Hays",145,582,535,66,134,35,2,16,60,2,4,34,114,221,11,10,0,3,0,26,"1"
"Austin Hedges",105,338,294,26,48,4,0,7,30,2,0,25,78,73,12,6,10,3,0,29,"0"
"Austin Meadows",36,147,128,9,32,6,2,0,11,0,1,16,17,42,2,3,0,0,0,27,"0"
"Austin Nola",110,397,347,40,87,15,0,4,40,2,1,34,60,114,5,6,1,9,1,32,"0"
"Austin Riley",159,693,615,90,168,39,2,38,93,2,0,57,168,325,13,17,0,4,1,25,"1"
"Austin Romine",150,399,379,30,58,9,0,9,27,0,0,12,135,94,6,3,5,0,0,33,"0"
"Austin Slater",125,325,277,49,73,15,2,7,34,12,1,40,89,113,9,6,0,2,0,29,"0"
"Austin Wynns",65,177,162,14,42,7,0,3,21,0,0,10,38,58,9,3,1,1,0,31,"0"
"Avisa l Garc a",98,380,357,31,80,9,0,8,35,4,0,17,109,113,12,4,0,2,0,31,"0"
"Ben DeLuzio",22,25,20,3,3,1,0,0,0,0,1,3,5,4,0,1,1,0,0,27,"0"
"Ben Gamel",115,423,371,42,86,20,2,9,46,5,1,48,98,137,5,3,0,1,2,30,"0"
"Billy Hamilton",74,46,40,26,2,0,0,0,0,20,2,4,24,2,0,0,2,0,0,31,"0"
"Billy McKinney",23,57,52,3,5,1,0,1,4,0,0,4,16,9,0,0,0,1,1,27,"0"
"Bligh Madris",39,123,113,10,20,7,0,1,7,2,1,10,31,30,0,0,0,0,0,26,"0"
"Bo Bichette",159,697,652,91,189,43,1,24,93,13,8,41,155,306,21,2,0,2,0,24,"1"
"Bo Naylor",5,8,8,0,0,0,0,0,0,0,0,0,5,0,0,0,0,0,0,22,"0"
"Bobby Bradley",8,17,17,1,2,0,0,0,0,0,0,0,9,2,0,0,0,0,0,26,"0"
"Bobby Dalbec",117,353,317,40,68,9,2,12,39,3,0,29,118,117,5,3,0,4,0,27,"0"
"Bobby Witt",150,632,591,82,150,31,6,20,80,30,7,30,135,253,12,6,0,5,2,22,"0"
"Brad Miller",81,241,222,20,47,3,0,7,32,4,2,18,70,71,3,0,0,1,0,32,"0"
"Bradley Zimmer",318,335,299,50,35,14,0,6,15,9,6,15,131,67,0,18,3,0,0,29,"0"
"Brandon Belt",78,298,254,25,54,9,1,8,23,1,0,37,81,89,9,6,0,1,2,34,"0"
"Brandon Crawford",118,458,407,50,94,15,2,9,52,1,1,39,98,140,12,8,0,4,3,35,"0"
"Brandon Dixon",5,14,14,1,3,1,0,0,1,0,0,0,5,4,1,0,0,0,0,30,"0"
"Brandon Drury",276,1136,1036,174,272,62,4,56,174,4,6,76,252,510,16,16,0,8,0,29,"0"
"Brandon Hughes",1,0,0,0,0,0,0,0,0,0,0,0,0,0,0,0,0,0,0,26,"0"
"Brandon Lowe",65,266,235,31,52,10,2,8,25,1,0,27,61,90,1,3,0,1,0,27,"0"
"Brandon Marsh",268,922,848,98,208,36,8,22,104,20,8,56,316,326,8,6,6,6,2,24,"0"
"Brandon Nimmo",151,673,580,102,159,30,7,16,64,3,2,71,116,251,9,16,3,3,0,29,"0"
"Brendan Donovan",126,468,391,64,110,21,1,5,45,2,3,60,70,148,8,14,1,2,1,25,"0"
"Brendan Rodgers",137,581,527,72,140,30,3,13,63,0,0,46,101,215,25,3,0,5,0,25,"0"
"Brendon Davis",3,11,10,2,2,0,0,0,0,1,0,1,3,2,0,0,0,0,0,24,"0"
"Brent Rooker",32,72,64,2,8,2,0,0,4,0,0,6,22,10,4,2,0,0,0,27,"1"
"Brett Baty",11,42,38,4,7,0,0,2,5,0,0,2,8,13,0,1,0,0,0,22,"0"
"Brett Martin",1,0,0,0,0,0,0,0,0,0,0,0,0,0,0,0,0,0,0,27,"0"
"Brett Phillips",166,450,402,44,58,12,0,10,30,14,0,32,188,100,0,6,8,2,0,28,"0"
"Brewer Hicklen",6,4,4,1,0,0,0,0,0,0,0,0,4,0,0,0,0,0,0,26,"0"
"Brian Anderson",98,383,338,43,75,16,1,8,28,1,0,37,101,117,7,7,0,1,2,29,"0"
"Brian O Keefe",2,4,3,0,1,0,0,0,0,0,0,1,2,1,0,0,0,0,0,28,"0"
"Brian Serven",62,205,187,19,38,4,1,6,16,0,0,13,44,62,7,2,2,1,0,27,"0"
"Bryan De La Cruz",115,355,329,38,83,20,0,13,43,4,0,19,90,142,8,2,0,4,0,25,"0"
"Bryan Lavastida",6,15,12,0,1,0,0,0,0,0,0,3,4,1,0,0,0,0,0,23,"0"
"Bryan Reynolds",145,614,542,74,142,19,4,27,62,7,3,56,141,250,13,14,0,2,6,27,"0"
"Bryan Shaw",1,0,0,0,0,0,0,0,0,0,0,0,0,0,0,0,0,0,0,34,"0"
"Bryce Harper",99,426,370,63,106,28,1,18,65,11,4,46,87,190,13,3,0,7,9,29,"0"
"Bryce Johnson",11,19,18,1,2,0,0,0,2,0,0,1,7,2,0,0,0,0,0,26,"0"
"Bryson Stott",127,466,427,58,100,19,2,10,49,12,4,36,89,153,3,1,1,1,0,24,"0"
"Bubba Thompson",55,181,170,18,45,5,0,1,9,18,3,7,56,53,2,2,2,0,0,24,"0"
"Buddy Kennedy",30,94,83,10,18,2,2,1,12,0,0,8,23,27,1,1,0,2,0,23,"0"
"Byron Buxton",92,382,340,61,76,13,3,28,51,6,0,34,116,179,0,7,0,1,0,28,"0"
"C J  Cron",150,632,575,79,148,28,3,29,102,0,0,43,164,269,16,8,0,5,6,32,"0"
"C sar Hern ndez",147,617,560,64,139,28,4,1,34,10,4,45,114,178,9,7,3,2,0,32,"0"
"CJ Abrams",180,604,568,66,140,24,4,4,42,14,8,10,100,184,10,18,4,4,0,21,"0"
"Cal Raleigh",119,415,370,46,78,20,1,27,63,1,0,38,122,181,5,2,0,5,0,25,"0"
"Cal Stevenson",23,71,60,5,10,3,0,0,1,1,1,8,23,13,1,0,2,1,0,25,"0"
"Caleb Hamilton",22,23,18,5,1,0,0,1,1,0,0,4,14,4,0,0,1,0,0,27,"0"
"Caleb Thielbar",2,0,0,0,0,0,0,0,0,0,0,0,0,0,0,0,0,0,0,35,"0"
"Calvin Mitchell",69,232,212,21,48,11,0,5,17,3,1,18,52,74,3,0,1,1,0,23,"0"
"Cam Gallagher",18,47,42,1,9,5,0,0,5,0,0,3,13,14,0,0,2,0,0,29,"0"
"Canaan Smith Njigba",3,7,5,1,1,1,0,0,0,0,0,1,0,2,0,1,0,0,0,23,"0"
"Carlos Correa",136,590,522,70,152,24,1,22,64,0,1,61,121,244,18,3,0,4,2,27,"0"
"Carlos Est vez",1,0,0,0,0,0,0,0,0,0,0,0,0,0,0,0,0,0,0,29,"0"
"Carlos Hern ndez",1,0,0,0,0,0,0,0,0,0,0,0,0,0,0,0,0,0,0,25,"0"
"Carlos P rez",7,18,18,0,4,2,0,0,2,0,0,0,2,6,1,0,0,0,0,25,"0"
"Carlos Santana",262,1012,862,104,174,36,0,38,120,0,0,142,176,324,18,4,0,4,4,36,"0"
"Carson Kelly",104,354,317,40,67,18,0,7,35,2,0,29,71,106,10,4,0,4,0,27,"0"
"Cavan Biggio",97,303,257,43,52,18,1,6,24,2,0,38,85,90,2,6,1,1,0,27,"0"
"Cedric Mullins",156,672,608,89,157,32,4,16,64,34,10,47,126,245,4,9,1,5,2,27,"0"
"Chad Pinder",111,379,361,38,85,18,0,12,42,2,0,14,118,139,10,0,1,2,0,30,"0"
"Chad Wallach",12,40,35,3,5,1,0,1,4,0,0,4,9,9,1,0,1,0,0,30,"0"
"Chadwick Tromp",1,4,4,0,3,2,0,0,3,0,0,0,0,5,0,0,0,0,0,27,"0"
"Charles Leblanc",48,169,156,18,41,10,0,4,11,4,2,12,53,63,0,1,0,0,0,26,"0"
"Charlie Blackmon",135,577,530,60,140,22,6,16,78,4,1,32,109,222,10,8,4,3,4,35,"0"
"Charlie Culberson",68,124,115,19,29,6,0,2,12,2,3,5,31,41,5,0,4,0,0,33,"0"
"Chas McCormick",119,407,359,47,88,12,2,14,44,4,3,46,106,146,5,1,0,1,0,27,"0"
"Chasen Shreve",1,0,0,0,0,0,0,0,0,0,0,0,0,0,0,0,0,0,0,31,"0"
"Chris Martin",2,0,0,0,0,0,0,0,0,0,0,0,0,0,0,0,0,0,0,36,"0"
"Chris Okey",7,13,12,3,2,0,0,0,0,0,0,0,5,2,0,1,0,0,0,27,"0"
"Chris Owings",26,68,56,6,6,2,0,0,0,1,0,10,24,8,3,1,1,0,0,30,"0"
"Chris Taylor",118,454,402,45,89,25,3,10,43,10,1,44,160,150,4,5,0,3,2,31,"0"
"Christian Arroyo",87,300,280,32,80,16,1,6,36,5,1,13,49,116,7,3,2,2,2,27,"0"
"Christian Bethancourt",200,666,636,78,160,34,0,22,68,10,2,24,160,260,12,4,2,0,0,30,"0"
"Christian Lopes",4,10,9,0,0,0,0,0,0,0,0,1,5,0,0,0,0,0,0,29,"0"
"Christian V zquez",238,852,796,82,218,46,0,18,104,2,8,44,138,318,20,6,0,6,0,31,"0"
"Christian Walker",160,667,583,84,141,25,2,36,94,2,2,69,131,278,15,8,0,7,2,31,"0"
"Christian Yelich",154,671,575,99,145,25,4,14,57,19,3,88,162,220,9,5,1,2,5,30,"0"
"Christopher Morel",113,425,379,55,89,19,4,16,47,10,7,38,137,164,6,3,3,2,0,23,"0"
"Chuckie Robinson",25,60,59,3,8,2,0,2,5,0,0,0,17,16,5,0,1,0,0,27,"0"
"Cionel P rez",2,0,0,0,0,0,0,0,0,0,0,0,0,0,0,0,0,0,0,26,"0"
"Clarke Schmidt",1,0,0,0,0,0,0,0,0,0,0,0,0,0,0,0,0,0,0,26,"0"
"Clint Frazier",19,45,37,4,8,3,0,0,1,1,0,7,11,11,1,1,0,0,0,27,"0"
"Cody Bellinger",144,550,504,70,106,27,3,19,68,14,3,38,150,196,7,2,0,6,0,26,"0"
"Cody Thomas",10,32,30,1,8,0,0,0,0,0,0,2,12,8,0,0,0,0,0,27,"0"
"Cole Sulser",1,0,0,0,0,0,0,0,0,0,0,0,0,0,0,0,0,0,0,32,"0"
"Cole Tucker",18,63,63,3,11,1,1,0,2,1,0,0,25,14,1,0,0,0,0,25,"0"
"Colin Moran",42,128,109,11,23,3,0,5,23,0,0,16,30,41,4,0,0,3,0,29,"0"
"Collin Snider",2,0,0,0,0,0,0,0,0,0,0,0,0,0,0,0,0,0,0,26,"0"
"Conner Capel",44,118,104,14,32,0,2,6,22,2,2,10,20,54,4,0,0,4,0,25,"0"
"Connor Joe",111,467,404,56,96,20,4,7,28,6,2,55,97,145,8,7,0,1,0,29,"0"
"Connor Wong",27,56,48,8,9,3,0,1,7,0,0,5,16,15,0,1,1,1,0,26,"0"
"Cooper Hummel",66,201,176,20,31,8,3,3,17,4,1,23,64,54,4,1,0,1,0,27,"0"
"Corbin Carroll",32,115,104,13,27,9,2,4,14,2,1,8,31,52,1,3,0,0,0,21,"1"
"Corey Dickerson",96,297,281,28,75,17,1,6,36,0,0,12,48,112,4,2,0,2,1,33,"0"
"Corey Seager",151,663,593,91,145,24,1,33,83,3,0,58,103,270,14,7,0,5,7,28,"1"
"Cory Spangenberg",1,0,0,0,0,0,0,0,0,0,0,0,0,0,0,0,0,0,0,31,"0"
"Craig Kimbrel",1,0,0,0,0,0,0,0,0,0,0,0,0,0,0,0,0,0,0,34,"0"
"Cristian Pache",91,260,241,18,40,5,2,3,18,2,2,15,70,58,5,1,3,0,0,23,"0"
"Curt Casali",114,352,296,40,60,8,0,10,34,0,0,48,100,98,2,4,0,4,0,33,"0"
"D rmis Garcia",39,125,116,13,24,6,0,5,20,0,0,8,55,45,1,1,0,0,0,24,"0"
"DJ LeMahieu",125,541,467,74,122,18,0,12,46,4,3,67,71,176,12,4,1,2,0,33,"0"
"DJ Stewart",3,3,3,0,0,0,0,0,0,0,0,0,2,0,0,0,0,0,0,28,"0"
"Dairon Blanco",5,7,7,1,2,0,0,0,2,1,0,0,4,2,0,0,0,0,0,29,"0"
"Dalton Guthrie",14,28,21,3,7,0,0,1,5,1,0,6,7,10,0,1,0,0,0,26,"0"
"Daniel Bard",3,0,0,0,0,0,0,0,0,0,0,0,0,0,0,0,0,0,0,37,"0"
"Daniel Lynch",1,0,0,0,0,0,0,0,0,0,0,0,0,0,0,0,0,0,0,25,"0"
"Daniel Norris",2,0,0,0,0,0,0,0,0,0,0,0,0,0,0,0,0,0,0,29,"0"
"Daniel Vogelbach",260,922,772,94,184,38,2,36,118,0,0,146,228,334,22,2,0,2,4,29,"0"
"Danny Jansen",72,248,215,34,56,10,0,15,44,1,0,25,44,111,1,3,0,5,1,27,"0"
"Danny Mendick",31,106,97,22,28,4,1,3,15,1,0,7,23,43,2,1,1,0,0,28,"0"
"Dansby Swanson",162,696,640,99,177,32,1,25,96,18,7,49,182,286,12,3,0,4,0,28,"1"
"Darick Hall",41,142,136,19,34,8,1,9,16,0,0,5,44,71,3,1,0,0,0,26,"0"
"Darin Ruf",236,776,668,104,136,24,0,22,90,4,0,90,210,226,22,12,0,6,0,35,"0"
"Daulton Varsho",151,592,531,79,125,23,3,27,74,16,6,46,145,235,8,7,2,5,0,25,"0"
"Dauri Moreta",1,0,0,0,0,0,0,0,0,0,0,0,0,0,0,0,0,0,0,26,"0"
"David Bednar",1,0,0,0,0,0,0,0,0,0,0,0,0,0,0,0,0,0,0,27,"0"
"David Bote",41,127,116,15,30,8,0,4,12,1,0,6,45,50,3,4,0,1,0,29,"0"
"David Fletcher",61,228,216,20,55,9,1,2,17,1,0,7,16,72,6,3,2,0,0,28,"0"
"David Hensley",16,34,29,7,10,2,1,1,5,0,0,5,6,17,3,0,0,0,0,26,"0"
"David MacKinnon",44,114,100,4,14,0,0,0,12,0,0,12,34,14,4,0,0,2,0,27,"0"
"David Peralta",268,980,878,78,220,60,6,24,118,2,6,82,228,364,16,8,0,12,10,34,"0"
"David Price",1,0,0,0,0,0,0,0,0,0,0,0,0,0,0,0,0,0,0,36,"0"
"David Robertson",4,2,2,0,0,0,0,0,0,0,0,0,2,0,0,0,0,0,0,37,"0"
"David Villar",52,181,156,21,36,6,1,9,24,0,1,18,58,71,4,6,0,1,0,25,"0"
"Daz Cameron",21,70,64,6,14,3,1,1,8,2,0,5,20,22,1,1,0,0,0,25,"0"
"Dee Strange Gordon",22,59,59,6,18,1,1,0,2,3,2,0,8,21,1,0,0,0,0,34,"0"
"Derek Hill",31,92,83,8,19,2,0,1,3,3,0,5,28,24,0,0,3,1,0,26,"0"
"Deven Marrero",5,6,6,0,0,0,0,0,0,1,0,0,3,0,0,0,0,0,0,31,"0"
"Didi Gregorius",63,232,214,17,45,9,4,1,19,1,0,13,36,65,0,3,0,2,0,32,"0"
"Diego Castillo",98,283,262,28,54,13,0,11,29,1,1,14,75,100,7,3,0,4,1,26,"0"
"Dillon Tate",2,0,0,0,0,0,0,0,0,0,0,0,0,0,0,0,0,0,0,28,"0"
"Dillon Thomas",8,14,11,1,1,0,0,0,0,0,0,2,6,1,0,1,0,0,0,29,"0"
"Dixon Machado",5,17,15,1,3,0,0,0,0,0,0,1,5,3,0,1,0,0,0,30,"0"
"Dom Nu ez",14,41,33,3,4,1,0,0,2,0,0,6,10,5,0,0,0,2,0,27,"0"
"Dominic Smith",58,152,134,11,26,10,1,0,17,0,0,12,37,38,0,4,0,2,0,27,"0"
"Donny Sands",3,4,3,0,0,0,0,0,0,0,0,1,1,0,1,0,0,0,0,26,"0"
"Donovan Solano",80,304,278,22,79,16,0,4,24,0,0,19,61,107,5,5,0,2,1,34,"0"
"Donovan Walton",50,156,152,18,24,16,0,2,16,0,0,2,32,46,2,2,0,0,0,28,"0"
"Drew Ellis",14,34,32,4,6,2,0,0,2,0,0,2,14,8,0,0,0,0,0,26,"0"
"Drew Jackson",3,3,3,0,0,0,0,0,0,0,0,0,1,0,0,0,0,0,0,28,"0"
"Drew Steckenrider",1,0,0,0,0,0,0,0,0,0,0,0,0,0,0,0,0,0,0,31,"0"
"Drew Waters",32,109,96,14,23,6,1,5,18,0,0,12,40,46,1,0,0,0,0,23,"0"
"Dustin Garneau",8,11,10,1,3,1,0,0,1,0,0,1,4,4,0,0,0,0,0,34,"0"
"Dylan Carlson",128,488,432,56,102,30,4,8,42,5,2,45,94,164,6,7,0,4,1,23,"0"
"Dylan Coleman",4,0,0,0,0,0,0,0,0,0,0,0,0,0,0,0,0,0,0,25,"0"
"Dylan Floro",1,0,0,0,0,0,0,0,0,0,0,0,0,0,0,0,0,0,0,31,"0"
"Dylan Moore",104,255,205,41,46,11,2,6,24,21,8,34,75,79,5,13,1,1,2,29,"0"
"Eddie Rosario",80,270,250,27,53,12,1,5,24,3,0,17,68,82,3,0,0,3,0,30,"0"
"Eddy Alvarez",14,27,25,1,4,0,0,0,3,1,0,0,9,4,1,0,1,1,0,32,"0"
"Edmundo Sosa",156,380,352,52,80,22,8,4,42,12,2,10,100,130,12,14,2,2,0,26,"0"
"Eduardo Escobar",136,542,495,58,119,26,4,20,69,0,2,40,129,213,4,1,0,6,3,33,"0"
"Edward Olivares",53,174,161,24,46,8,0,4,15,2,3,10,36,66,1,2,0,1,0,26,"0"
"Edwin D az",2,0,0,0,0,0,0,0,0,0,0,0,0,0,0,0,0,0,0,28,"0"
"Edwin Rios",27,92,86,12,21,1,0,7,17,0,1,5,36,43,2,1,0,0,1,28,"0"
"Eguy Rosario",7,6,5,0,1,0,0,0,0,0,0,1,2,1,0,0,0,0,0,22,"0"
"Ehire Adrianza",74,220,194,16,34,6,0,0,14,2,0,22,50,40,4,2,0,2,0,32,"0"
"Elehuris Montero",53,185,176,21,41,15,1,6,20,0,0,8,60,76,4,1,0,0,0,23,"0"
"Eli White",47,117,105,16,21,2,0,3,10,12,1,11,41,32,0,0,0,1,0,28,"0"
"Elias D az",105,381,351,29,80,18,2,9,51,0,1,25,82,129,8,2,0,3,0,31,"1"
"Elier Hernandez",14,35,33,4,6,2,0,0,3,0,0,1,15,8,1,0,0,1,0,27,"0"
"Eloy Jim nez",84,327,292,40,86,12,0,16,54,0,0,28,72,146,8,3,0,4,0,25,"0"
"Elvis Andrus",298,1154,1070,132,266,64,0,34,116,36,8,78,184,432,22,6,0,0,0,33,"0"
"Emmanuel Rivera",204,718,660,92,154,32,6,24,80,2,4,46,166,270,16,10,0,2,0,26,"0"
"Ender Inciarte",11,8,8,1,1,0,0,0,0,0,0,0,0,1,0,0,0,0,0,31,"0"
"Enrique Hern ndez",93,402,361,48,80,24,0,6,45,0,2,34,71,122,11,3,0,4,0,30,"0"
"Enyel De Los Santos",1,0,0,0,0,0,0,0,0,0,0,0,0,0,0,0,0,0,0,26,"0"
"Eric Haase",110,351,323,41,82,17,1,14,44,0,0,24,97,143,9,1,0,3,1,29,"0"
"Eric Hosmer",208,838,760,76,204,38,0,16,88,0,0,74,128,290,24,2,0,2,10,32,"0"
"Erik Gonz lez",16,41,37,4,7,1,0,0,3,1,0,4,12,8,1,0,0,0,0,30,"0"
"Ernie Clement",138,358,326,38,60,8,0,0,12,0,2,22,52,68,6,4,4,2,0,26,"0"
"Esteban Quiroz",14,47,40,3,11,0,0,0,3,1,1,4,9,11,0,2,1,0,0,30,"0"
"Esteury Ruiz",34,72,70,6,12,2,2,0,4,2,4,2,14,18,0,0,0,0,0,23,"0"
"Estevan Florial",17,35,31,4,3,0,0,0,1,2,0,3,13,3,0,1,0,0,0,24,"0"
"Eugenio Su rez",150,629,543,76,128,24,2,31,87,0,0,73,196,249,12,8,0,5,0,30,"0"
"Evan Longoria",89,298,266,31,65,13,0,14,42,0,0,27,83,120,6,2,0,3,2,36,"0"
"Evan Phillips",1,1,0,0,0,0,0,0,0,0,0,1,0,0,0,0,0,0,0,27,"0"
"Ezequiel Duran",58,220,208,25,49,10,1,5,25,4,1,12,54,76,3,0,0,0,0,23,"0"
"Ezequiel Tovar",9,35,33,2,7,1,0,1,2,0,0,2,9,11,0,0,0,0,0,20,"0"
"F lix Bautista",4,0,0,0,0,0,0,0,0,0,0,0,0,0,0,0,0,0,0,27,"0"
"Ford Proctor",7,22,18,3,2,0,0,1,6,0,0,2,3,5,0,0,0,2,0,25,"0"
"Franchy Cordero",84,275,242,36,53,17,1,8,29,4,1,28,92,96,1,1,2,2,1,27,"0"
"Francisco Alvarez",5,14,12,3,2,1,0,1,1,0,0,2,4,6,1,0,0,0,0,20,"0"
"Francisco Lindor",161,706,630,98,170,25,5,26,107,16,6,59,133,283,11,10,0,7,2,28,"0"
"Francisco Mej a",93,299,289,32,70,22,0,6,31,0,0,7,65,110,6,2,0,1,0,26,"0"
"Frank Schwindel",75,292,271,23,62,11,0,8,36,0,0,19,58,97,12,0,0,2,1,30,"0"
"Franmil Reyes",236,946,876,86,194,34,4,28,94,4,2,60,314,320,24,4,0,6,0,26,"0"
"Freddie Freeman",159,708,612,117,199,47,2,21,100,13,3,84,102,313,6,5,0,7,12,32,"1"
"Freddy Fermin",3,7,7,1,0,0,0,0,0,0,1,0,3,0,0,0,0,0,0,27,"0"
"Gabriel Arias",16,57,47,9,9,1,1,1,5,1,0,8,16,15,1,1,1,0,0,22,"0"
"Gabriel Moreno",25,73,69,10,22,1,0,1,7,0,0,4,8,26,2,0,0,0,0,22,"0"
"Garrett Cooper",119,469,414,37,108,33,2,9,50,0,0,40,119,172,6,10,0,5,0,31,"0"
"Garrett Hampson",90,226,199,29,42,7,3,2,15,12,2,21,63,61,3,1,3,2,0,27,"0"
"Garrett Mitchell",28,68,61,9,19,3,0,2,9,8,0,6,28,28,0,0,1,0,0,23,"0"
"Garrett Stubbs",46,121,106,19,28,4,1,5,16,2,0,14,30,49,2,0,1,0,0,29,"0"
"Gary S nchez",128,471,419,42,86,24,0,16,61,2,0,40,136,158,12,7,0,5,0,29,"0"
"Gavin Lux",129,471,421,66,116,20,7,6,42,7,2,47,95,168,3,0,0,3,0,24,"0"
"Gavin Sheets",124,410,377,34,91,19,0,15,53,0,0,27,86,155,9,3,0,3,0,26,"0"
"George Springer",133,583,513,89,137,22,4,25,76,14,2,54,100,242,7,7,0,5,1,32,"0"
"Geraldo Perdomo",148,500,431,58,84,10,2,5,40,9,2,50,103,113,3,5,12,2,0,22,"1"
"Giancarlo Stanton",110,452,398,53,84,7,0,31,78,0,0,50,137,184,8,0,0,3,2,32,"0"
"Gilberto Celestino",122,347,311,30,74,12,1,2,24,4,1,32,77,94,13,2,2,0,0,23,"0"
"Gio Urshela",144,551,501,61,143,27,3,13,64,1,0,41,96,215,21,2,0,7,2,30,"0"
"Gleyber Torres",140,572,526,73,135,28,1,24,76,10,5,39,129,237,12,3,1,3,2,25,"0"
"Gosuke Katoh",8,11,7,2,1,1,0,0,0,0,0,3,1,2,0,0,1,0,0,27,"0"
"Grayson Greiner",2,8,6,0,1,0,0,0,0,0,0,2,3,1,0,0,0,0,0,29,"0"
"Greg Allen",46,134,118,17,22,4,0,2,8,8,2,10,42,32,2,2,3,1,0,29,"0"
"Guillermo Heredia",74,82,76,12,12,3,1,3,8,0,0,6,32,26,1,0,0,0,0,31,"0"
"Gunnar Henderson",34,132,116,12,30,7,1,4,18,1,1,16,34,51,1,0,0,0,1,21,"0"
"Ha Seong Kim",150,582,517,58,130,29,3,11,59,12,2,51,100,198,9,7,3,4,0,26,"0"
"Hanser Alberto",73,159,156,13,38,9,2,2,15,0,1,3,25,57,7,0,0,0,0,29,"0"
"Harold Castro",120,443,420,37,114,21,2,7,47,0,1,17,79,160,5,1,3,2,1,28,"0"
"Harold Ram rez",120,435,403,46,121,24,0,6,58,3,5,19,72,163,5,9,0,4,1,27,"0"
"Harrison Bader",172,626,584,76,146,20,6,10,60,34,6,30,124,208,8,8,0,4,0,28,"0"
"Heliot Ramos",9,22,20,4,2,0,0,0,0,0,0,2,6,2,1,0,0,0,0,22,"0"
"Hoy Park",23,60,51,7,11,2,0,2,6,1,0,4,15,19,0,1,2,2,0,26,"0"
"Hunter Dozier",128,500,462,51,109,26,4,12,41,4,3,34,125,179,14,3,0,1,0,30,"0"
"Hunter Renfroe",125,522,474,62,121,23,1,29,72,1,1,39,121,233,11,4,2,3,1,30,"0"
"Hunter Strickland",1,0,0,0,0,0,0,0,0,0,0,0,0,0,0,0,0,0,0,33,"0"
"Ian Happ",158,641,573,72,155,42,2,17,72,9,4,58,149,252,11,6,0,4,4,27,"0"
"Ian Kennedy",1,0,0,0,0,0,0,0,0,0,0,0,0,0,0,0,0,0,0,37,"0"
"Ildemaro Vargas",126,444,418,38,110,26,2,8,46,6,2,16,46,164,12,6,2,2,0,30,"0"
"Isaac Paredes",111,381,331,48,68,16,0,20,45,0,1,44,67,144,12,4,0,2,0,23,"0"
"Isiah Kiner Falefa",142,531,483,66,126,20,0,4,48,22,4,35,72,158,13,5,3,5,2,27,"0"
"Israel Pineda",4,14,13,1,1,0,0,0,0,0,0,1,7,1,0,0,0,0,0,22,"0"
"Iv n Herrera",11,22,18,0,2,0,0,0,1,0,0,2,8,2,0,0,1,1,0,22,"0"
"J B  Wendelken",1,0,0,0,0,0,0,0,0,0,0,0,0,0,0,0,0,0,0,29,"0"
"J D  Davis",230,730,636,92,158,32,2,24,70,2,2,78,244,266,26,12,0,4,2,29,"0"
"J D  Martinez",139,596,533,76,146,43,1,16,62,0,0,52,145,239,20,5,0,5,1,34,"1"
"J J  Matijevic",32,71,67,7,14,2,0,2,5,1,0,2,25,22,1,2,0,0,0,26,"0"
"J P  Crawford",145,603,518,57,126,24,3,6,42,3,2,68,80,174,11,10,2,5,0,27,"0"
"J T  Realmuto",139,562,504,75,139,26,5,22,84,21,1,41,119,241,7,12,0,5,1,31,"0"
"JJ Bleday",65,238,204,21,34,10,2,5,16,4,1,30,67,63,5,2,0,2,0,24,"0"
"JT Riddle",2,4,4,0,1,0,0,0,0,0,0,0,1,1,0,0,0,0,0,30,"0"
"Jace Peterson",112,328,288,44,68,14,2,8,34,12,1,33,85,110,8,2,2,3,2,32,"0"
"Jack Larsen",1,1,1,0,0,0,0,0,0,0,0,0,1,0,0,0,0,0,0,27,"0"
"Jack Mayfield",23,74,70,8,13,1,1,1,6,1,0,3,17,19,1,1,0,0,0,31,"0"
"Jack Suwinski",106,372,326,45,66,11,0,19,38,4,2,41,114,134,5,4,0,1,1,23,"0"
"Jackie Bradley Jr",262,740,688,60,140,46,2,8,76,4,6,48,154,214,10,0,4,0,0,32,"0"
"Jackson Stephens",1,0,0,0,0,0,0,0,0,0,0,0,0,0,0,0,0,0,0,28,"0"
"Jacob Stallings",114,384,346,25,77,12,0,4,34,0,1,29,83,101,15,6,1,2,0,32,"0"
"Jake Burger",51,183,168,20,42,9,1,8,26,0,0,10,56,77,7,3,1,1,1,26,"0"
"Jake Cave",54,177,164,17,35,7,3,5,20,2,0,11,49,63,2,0,0,2,0,29,"0"
"Jake Cronenworth",158,684,587,88,140,30,4,17,88,3,0,70,131,229,2,16,0,8,3,28,"0"
"Jake Fraley",68,247,216,33,56,9,0,12,28,4,1,26,54,101,1,3,0,2,1,27,"0"
"Jake Hager",28,59,50,4,12,2,0,0,3,0,0,8,17,14,0,0,1,0,0,29,"0"
"Jake Lamb",82,222,194,26,42,12,2,6,12,0,2,22,76,76,8,6,0,0,0,31,"0"
"Jake Marisnick",31,82,77,9,18,6,0,2,6,2,1,4,24,30,2,0,1,0,1,31,"0"
"Jake McCarthy",99,354,321,53,91,16,3,8,43,23,3,23,76,137,3,6,3,1,0,24,"0"
"Jake Meyers",52,160,150,13,34,6,2,1,15,2,1,7,54,47,1,2,0,1,0,26,"0"
"Jake Reed",5,0,0,0,0,0,0,0,0,0,0,0,0,0,0,0,0,0,0,29,"0"
"James Kaprielian",1,0,0,0,0,0,0,0,0,0,0,0,0,0,0,0,0,0,0,28,"0"
"James McCann",61,191,174,19,34,6,0,3,18,3,0,11,46,49,5,4,0,2,0,32,"0"
"James Outman",4,16,13,6,6,2,0,1,3,0,0,2,7,11,0,1,0,0,0,25,"0"
"Jared Walsh",118,454,423,41,91,18,2,15,44,2,1,27,138,158,6,4,0,0,4,28,"0"
"Jared Young",6,22,19,2,5,2,0,0,0,1,0,3,7,7,0,0,0,0,0,26,"0"
"Jarred Kelenic",54,181,163,20,23,5,1,7,17,5,2,16,61,51,3,1,0,1,0,22,"0"
"Jarren Duran",58,223,204,23,45,14,3,3,17,7,1,14,63,74,1,4,0,1,0,25,"0"
"Jason Castro",34,88,78,6,9,2,0,1,3,1,0,8,40,14,1,1,0,1,0,35,"0"
"Jason Delay",57,167,155,17,33,6,0,1,11,0,2,9,50,42,4,2,1,0,0,27,"0"
"Jason Heyward",48,151,137,15,28,5,1,1,10,1,0,11,32,38,3,3,0,0,0,32,"0"
"Jason Krizan",3,10,8,0,1,0,0,0,0,0,0,2,3,1,0,0,0,0,0,33,"0"
"Jason Vosler",36,111,98,14,26,6,1,4,12,1,1,10,29,46,3,2,0,1,1,28,"0"
"Javier B ez",144,590,555,64,132,27,4,17,67,9,2,26,147,218,13,6,0,3,1,29,"0"
"Jaylin Davis",12,27,24,4,8,1,0,0,2,0,0,3,11,9,0,0,0,0,0,27,"0"
"Jazz Chisholm Jr",60,241,213,39,54,10,4,14,45,12,5,21,66,114,0,3,0,3,0,24,"0"
"Jean Segura",98,387,354,45,98,9,0,10,33,13,6,25,58,137,16,7,0,1,1,32,"0"
"Jed Lowrie",50,184,167,14,30,5,0,3,16,1,0,15,39,44,5,0,0,2,0,38,"0"
"Jeff Hoffman",1,0,0,0,0,0,0,0,0,0,0,0,0,0,0,0,0,0,0,29,"0"
"Jeff McNeil",148,589,533,73,174,39,1,9,62,4,0,40,61,242,6,11,0,5,1,30,"0"
"Jeimer Candelario",124,467,429,49,93,19,2,13,50,0,1,28,109,155,9,6,0,4,1,28,"0"
"Jerar Encarnaci n",23,81,77,7,14,3,0,3,14,2,0,3,32,26,3,0,0,1,0,24,"0"
"Jeremy Pe a",136,558,521,72,132,20,2,22,63,11,2,22,135,222,5,6,1,5,0,24,"0"
"Jermaine Palacios",30,77,70,8,10,0,0,2,6,0,0,4,27,16,2,0,1,2,0,25,"0"
"Jes s Aguilar",258,1014,928,78,218,38,0,32,102,2,0,56,238,352,16,8,0,10,2,32,"0"
"Jes s S nchez",98,343,313,38,67,14,3,13,36,1,0,26,92,126,7,3,0,1,0,24,"0"
"Jesse Winker",136,547,456,51,100,15,0,14,53,0,0,84,103,157,8,4,0,3,1,28,"0"
"Jeter Downs",14,41,39,4,6,1,0,1,4,0,0,1,21,10,0,0,0,1,0,23,"0"
"Jeurys Familia",2,0,0,0,0,0,0,0,0,0,0,0,0,0,0,0,0,0,0,32,"0"
"Jhoan Duran",3,0,0,0,0,0,0,0,0,0,0,0,0,0,0,0,0,0,0,24,"0"
"Ji Hwan Bae",10,37,33,5,11,3,0,0,6,3,0,2,6,14,0,2,0,0,0,22,"0"
"Ji Man Choi",113,419,356,36,83,22,0,11,52,0,0,58,123,138,3,2,0,3,3,31,"0"
"Jimmy Lambert",1,0,0,0,0,0,0,0,0,0,0,0,0,0,0,0,0,0,0,27,"0"
"Jo Adell",88,285,268,22,60,12,2,8,27,4,2,11,107,100,6,4,0,1,0,23,"0"
"JoJo Romero",2,0,0,0,0,0,0,0,0,0,0,0,0,0,0,0,0,0,0,25,"0"
"Joc Pederson",134,433,380,57,104,19,3,23,70,3,2,42,100,198,5,7,0,4,3,30,"0"
"Joe Barlow",1,0,0,0,0,0,0,0,0,0,0,0,0,0,0,0,0,0,0,26,"0"
"Joe Dunand",3,11,10,2,3,1,0,1,1,0,0,0,3,7,0,1,0,0,0,26,"0"
"Joe Mantiply",1,0,0,0,0,0,0,0,0,0,0,0,0,0,0,0,0,0,0,31,"0"
"Joe Perez",1,1,1,0,0,0,0,0,0,0,0,0,1,0,0,0,0,0,0,22,"0"
"Joel Kuhnel",1,0,0,0,0,0,0,0,0,0,0,0,0,0,0,0,0,0,0,27,"0"
"Joel Payamps",4,0,0,0,0,0,0,0,0,0,0,0,0,0,0,0,0,0,0,28,"0"
"Joely Rodr guez",2,0,0,0,0,0,0,0,0,0,0,0,0,0,0,0,0,0,0,30,"0"
"Joey Bart",97,291,261,34,56,6,0,11,25,2,1,26,112,95,5,4,0,0,0,25,"0"
"Joey Gallo",252,820,700,96,112,16,4,38,94,6,0,112,326,250,0,6,0,2,0,28,"0"
"Joey Krehbiel",1,0,0,0,0,0,0,0,0,0,0,0,0,0,0,0,0,0,0,29,"0"
"Joey Meneses",56,240,222,33,72,14,0,13,34,1,0,15,52,125,13,1,0,2,2,30,"0"
"Joey Votto",91,376,322,31,66,18,1,11,41,0,0,44,97,119,8,10,0,0,0,38,"0"
"Joey Wendle",101,371,347,27,90,24,1,3,32,12,3,15,50,125,7,5,1,3,0,32,"0"
"Johan Camargo",52,166,152,8,36,3,0,3,15,0,0,13,37,48,1,0,1,0,0,28,"0"
"Jon Berti",102,404,358,47,86,17,3,4,28,41,5,42,89,121,6,3,0,1,0,32,"0"
"Jonah Bride",58,187,162,17,33,4,0,1,6,1,0,19,32,40,4,4,1,1,0,26,"0"
"Jonah Heim",127,450,406,51,92,20,1,16,48,2,0,41,87,162,10,1,0,2,0,27,"1"
"Jonathan Ara z",30,82,76,6,10,0,0,2,10,0,0,2,24,16,0,0,2,2,0,23,"0"
"Jonathan Aranda",32,87,78,10,15,4,0,2,6,0,0,8,23,25,1,1,0,0,1,24,"0"
"Jonathan Davis",37,91,76,9,17,1,0,0,4,7,1,14,26,18,1,0,1,0,0,30,"0"
"Jonathan India",103,431,386,48,96,16,2,10,41,3,4,31,94,146,5,14,0,0,1,25,"0"
"Jonathan Lo isiga",1,0,0,0,0,0,0,0,0,0,0,0,0,0,0,0,0,0,0,27,"0"
"Jonathan Schoop",131,510,481,48,97,23,1,11,38,5,0,19,107,155,15,6,0,4,1,30,"0"
"Jonathan Villar",118,440,404,50,84,12,4,6,36,14,0,30,118,122,8,0,2,4,0,31,"0"
"Jordan Diaz",15,51,49,3,13,3,0,0,1,0,0,2,7,16,1,0,0,0,0,21,"0"
"Jordan Groshans",17,65,61,9,16,0,0,1,2,0,0,4,13,19,2,0,0,0,0,22,"0"
"Jordan Luplow",83,234,205,26,36,5,0,11,28,5,1,25,60,74,5,3,0,1,1,28,"0"
"Jorge Alfaro",82,274,256,25,63,14,0,7,40,1,0,11,98,98,5,4,0,3,0,29,"0"
"Jorge L pez",8,0,0,0,0,0,0,0,0,0,0,0,0,0,0,0,0,0,0,29,"0"
"Jorge Mateo",150,533,494,63,109,25,7,13,50,35,9,27,147,187,8,5,3,2,0,27,"0"
"Jorge Polanco",104,445,375,54,88,16,0,16,56,3,3,64,95,152,4,2,0,4,1,28,"0"
"Jorge Soler",72,306,270,32,56,13,0,13,34,0,2,31,90,108,9,3,0,1,1,30,"1"
"Jos Abreu",157,679,601,85,183,40,0,15,75,0,0,62,110,268,19,12,0,4,2,35,"0"
"Jos Alvarado",1,1,1,0,0,0,0,0,0,0,0,0,1,0,0,0,0,0,0,27,"0"
"Jos Azocar",98,216,202,24,52,9,3,0,10,5,6,12,44,67,6,0,1,1,0,26,"0"
"Jos Godoy",20,44,40,6,2,0,0,0,2,0,0,4,18,2,0,0,0,0,0,27,"0"
"Jos Iglesias",118,467,439,48,128,30,0,3,47,2,3,17,56,167,11,8,0,3,0,32,"0"
"Jos Ram rez",157,685,601,90,168,44,5,29,126,20,7,69,82,309,5,6,0,9,20,29,"1"
"Jose Altuve",141,604,527,103,158,39,0,28,57,18,1,66,87,281,13,10,0,1,2,32,"0"
"Jose Barrero",48,174,165,13,25,3,0,2,10,4,1,9,76,34,4,0,0,0,0,24,"0"
"Jose Herrera",47,124,111,9,21,2,0,0,5,0,0,9,34,23,1,0,4,0,0,25,"0"
"Jose Miranda",125,483,444,45,119,25,0,15,66,1,1,28,91,189,19,10,0,1,0,24,"0"
"Jose Rojas",22,57,56,1,7,2,0,0,1,0,0,0,19,9,1,1,0,0,0,29,"0"
"Jose Siri",208,650,602,106,128,26,4,14,48,28,4,40,216,204,6,6,0,2,0,26,"0"
"Jose Trevino",115,353,335,39,83,12,1,11,43,2,1,15,62,130,5,2,0,1,0,29,"0"
"Josh Bell",312,1294,1104,156,294,58,6,34,142,0,2,162,204,466,44,10,0,12,8,29,"0"
"Josh Donaldson",132,546,478,59,106,28,0,15,62,2,2,54,148,179,13,8,0,6,1,36,"0"
"Josh H  Smith",73,253,213,23,42,5,0,2,16,4,3,28,50,53,1,7,2,3,0,24,"0"
"Josh Harrison",119,425,386,50,99,19,2,7,27,2,1,21,71,143,9,14,2,2,0,34,"0"
"Josh Jung",26,102,98,9,20,4,1,5,14,2,0,4,39,41,2,0,0,0,0,24,"1"
"Josh Lester",2,5,5,0,0,0,0,0,0,0,0,0,3,0,0,0,0,0,0,27,"0"
"Josh Lowe",52,198,181,24,40,12,2,2,13,3,0,15,66,62,1,1,1,0,1,24,"0"
"Josh Naylor",122,498,449,47,115,28,0,20,79,6,1,38,80,203,13,6,0,5,4,25,"0"
"Josh Palacios",29,49,47,8,10,2,0,0,2,1,0,1,15,12,0,1,0,0,0,26,"0"
"Josh Rojas",125,510,443,66,119,25,1,9,56,23,3,55,98,173,7,2,5,5,2,28,"0"
"Josh Staumont",2,0,0,0,0,0,0,0,0,0,0,0,0,0,0,0,0,0,0,28,"0"
"Josh VanMeter",67,192,171,15,32,5,2,3,14,4,0,19,45,50,3,0,0,2,0,27,"0"
"Juan Lagares",20,62,60,4,11,2,1,0,0,0,0,2,15,15,0,0,0,0,0,33,"0"
"Juan Soto",306,1328,1048,186,254,50,4,54,124,12,4,270,192,474,24,8,0,0,12,23,"1"
"Juan Yepez",76,274,253,27,64,13,0,12,30,0,0,16,61,113,6,1,0,4,0,24,"0"
"Julio Rodr guez",132,560,511,84,145,25,3,28,75,25,7,40,145,260,7,8,0,1,4,21,"1"
"Jurickson Profar",152,658,575,82,140,36,2,15,58,5,1,73,103,225,12,4,3,3,0,29,"0"
"Justin Bruihl",1,0,0,0,0,0,0,0,0,0,0,0,0,0,0,0,0,0,0,25,"0"
"Justin Grimm",1,0,0,0,0,0,0,0,0,0,0,0,0,0,0,0,0,0,0,33,"0"
"Justin Turner",128,532,468,61,130,36,0,13,81,3,0,50,89,205,13,6,0,8,1,37,"0"
"Justin Upton",17,57,48,2,6,1,0,1,3,0,0,6,23,10,1,3,0,0,0,34,"0"
"Ka ai Tom",1,1,1,0,0,0,0,0,0,0,0,0,0,0,0,0,0,0,0,28,"0"
"Ke Bryan Hayes",136,560,505,55,123,24,3,7,41,20,5,48,122,174,12,5,0,2,0,25,"0"
"Keibert Ruiz",112,433,394,33,99,22,0,7,36,6,1,30,50,142,9,6,1,2,0,23,"0"
"Kelvin Guti rrez",12,33,28,2,4,1,0,0,3,1,0,4,8,5,1,0,0,0,0,27,"0"
"Kendall Graveman",1,0,0,0,0,0,0,0,0,0,0,0,0,0,0,0,0,0,0,31,"0"
"Kerry Carpenter",31,113,103,16,26,4,1,6,10,0,0,6,32,50,0,3,0,1,0,24,"0"
"Keston Hiura",80,266,234,34,53,8,1,14,32,5,2,23,111,105,3,8,0,1,0,25,"0"
"Ketel Marte",137,558,492,68,118,42,2,12,52,5,1,55,101,200,12,6,0,5,3,28,"0"
"Kevin Ginkel",1,0,0,0,0,0,0,0,0,0,0,0,0,0,0,0,0,0,0,28,"0"
"Kevin Kiermaier",63,221,206,28,47,8,0,7,22,6,1,14,61,76,2,1,0,0,0,32,"0"
"Kevin Newman",78,309,288,31,79,18,2,2,24,8,2,16,48,107,6,2,2,1,0,28,"0"
"Kevin Padlo",33,91,89,0,10,2,0,0,6,0,0,2,25,12,6,0,0,0,0,25,"0"
"Kevin Pillar",4,13,12,1,1,1,0,0,0,0,0,1,4,2,1,0,0,0,0,33,"0"
"Kevin Plawecki",126,372,336,30,74,16,0,2,26,0,0,28,64,96,12,4,2,2,0,31,"0"
"Kevin Smith",47,151,139,9,25,9,1,2,13,4,0,7,42,42,5,0,3,2,0,25,"0"
"Keynan Middleton",1,0,0,0,0,0,0,0,0,0,0,0,0,0,0,0,0,0,0,28,"0"
"Khalil Lee",2,2,2,1,1,0,0,1,3,0,0,0,0,4,0,0,0,0,0,24,"0"
"Kody Clemens",56,127,117,13,17,4,0,5,17,1,0,8,33,36,1,0,0,2,0,26,"0"
"Kole Calhoun",125,424,388,36,76,14,1,12,49,3,2,27,136,128,6,6,0,3,0,34,"0"
"Kolten Wong",134,497,430,65,108,24,4,15,47,17,6,46,88,185,5,14,2,5,2,31,"0"
"Korey Lee",12,26,25,1,4,2,0,0,4,0,0,1,9,6,1,0,0,0,0,23,"0"
"Kramer Robertson",2,1,1,0,0,0,0,0,1,0,0,0,0,0,0,0,0,0,0,27,"0"
"Kris Bryant",42,181,160,28,49,12,0,5,14,0,0,17,27,76,7,2,0,2,0,30,"0"
"Kurt Suzuki",51,159,139,10,25,4,0,4,15,0,0,15,29,41,3,2,1,2,0,38,"0"
"Kyle Farmer",145,583,526,58,134,25,1,14,78,4,3,33,99,203,20,16,2,6,0,31,"0"
"Kyle Garlick",66,162,150,23,35,3,0,9,18,0,0,8,48,65,2,3,0,1,0,30,"0"
"Kyle Higashioka",83,248,229,27,52,7,0,10,31,0,1,12,52,89,5,1,2,4,0,32,"0"
"Kyle Isbel",106,278,256,32,54,10,4,5,28,9,6,16,75,87,5,3,1,2,0,25,"0"
"Kyle Lewis",18,62,56,6,8,0,0,3,5,0,0,5,19,17,2,1,0,0,0,26,"0"
"Kyle Nelson",2,0,0,0,0,0,0,0,0,0,0,0,0,0,0,0,0,0,0,25,"0"
"Kyle Schwarber",155,669,577,100,126,21,3,46,94,10,1,86,200,291,10,4,0,2,3,29,"0"
"Kyle Stowers",34,98,91,11,23,4,1,3,11,0,0,5,29,38,3,2,0,0,0,24,"0"
"Kyle Tucker",150,609,544,71,140,28,1,30,107,25,4,59,95,260,11,1,0,2,4,25,"1"
"LaMonte Wade Jr",77,251,217,29,45,7,1,8,26,1,0,26,51,78,0,5,2,1,0,28,"0"
"Lane Thomas",146,548,498,62,120,26,2,17,52,8,4,41,132,201,8,4,0,5,0,26,"0"
"Lars Nootbaar",108,347,290,53,66,16,3,14,40,4,1,51,71,130,3,1,0,5,1,24,"0"
"Lenyn Sosa",11,36,35,3,4,1,0,1,1,0,0,1,12,8,2,0,0,0,0,22,"0"
"Leody Taveras",99,341,314,39,82,14,2,5,34,11,5,21,88,115,2,2,1,3,0,23,"0"
"Leury Garcia",97,315,300,38,63,8,0,3,20,2,0,7,65,80,6,3,2,3,0,31,"0"
"Lewin D az",58,174,160,12,27,4,0,5,11,1,0,11,54,46,3,1,0,2,0,25,"0"
"Lewis Brinson",16,39,36,5,6,2,0,3,4,1,0,2,14,17,0,0,1,0,0,28,"0"
"Liam Hendriks",1,0,0,0,0,0,0,0,0,0,0,0,0,0,0,0,0,0,0,33,"0"
"Liover Peguero",1,4,3,0,1,0,0,0,0,0,0,1,2,1,0,0,0,0,0,21,"0"
"Livan Soto",18,59,55,9,22,5,1,1,9,1,1,2,13,32,1,0,1,1,0,22,"0"
"Logan O Hoppe",5,16,14,1,4,0,0,0,2,0,0,2,3,4,0,0,0,0,0,22,"0"
"Lorenzo Cain",43,156,145,17,26,5,0,1,9,2,2,8,36,34,4,2,0,1,0,36,"0"
"Lourdes Gurriel Jr",121,493,453,52,132,32,1,5,52,3,4,31,83,181,11,6,0,2,1,28,"1"
"Lucas Gilbreath",1,0,0,0,0,0,0,0,0,0,0,0,0,0,0,0,0,0,0,26,"0"
"Lucius Fox",10,28,25,2,2,0,0,0,2,1,0,1,9,2,1,0,2,0,0,24,"0"
"Luis Arraez",144,603,547,88,173,31,1,8,49,4,4,50,43,230,6,3,0,3,2,25,"1"
"Luis Barrera",32,85,77,3,18,5,0,1,7,3,0,6,17,26,2,1,0,1,0,26,"0"
"Luis Campusano",16,50,48,4,12,1,0,1,5,0,0,1,11,16,2,0,0,1,0,23,"0"
"Luis Garc a",93,377,360,29,99,23,2,7,45,3,4,11,84,147,6,1,1,4,1,22,"0"
"Luis Gonz lez",98,350,311,31,79,17,2,4,36,10,2,30,75,112,5,4,0,5,1,26,"0"
"Luis Guillorme",102,335,297,33,81,12,1,2,17,1,0,34,46,101,15,2,2,0,1,27,"0"
"Luis Liberato",7,5,5,0,0,0,0,0,0,0,0,0,3,0,0,0,0,0,0,26,"0"
"Luis Rengifo",127,511,489,45,129,22,4,17,52,6,2,17,79,210,11,4,1,0,0,25,"0"
"Luis Robert Jr",98,401,380,54,108,18,0,12,56,11,3,17,77,162,6,3,0,1,1,24,"1"
"Luis Torrens",55,166,151,13,34,2,0,3,15,0,0,12,50,45,5,1,0,2,0,26,"0"
"Luis Ur as",119,472,406,54,97,17,1,16,47,1,2,50,99,164,9,11,0,5,0,25,"0"
"Luke Maile",76,206,181,19,40,10,0,3,17,0,0,19,54,59,6,3,0,3,0,31,"0"
"Luke Raley",22,72,61,7,12,2,0,1,4,0,0,7,24,17,1,3,0,1,0,27,"0"
"Luke Voit",270,1136,1000,110,226,44,0,44,138,2,2,110,358,402,18,14,0,12,2,31,"0"
"Luke Weaver",2,0,0,0,0,0,0,0,0,0,0,0,0,0,0,0,0,0,0,28,"0"
"Luke Williams",158,272,254,42,60,10,2,2,12,22,8,18,88,80,2,0,0,0,2,25,"0"
"MJ Melendez",129,534,460,57,100,21,3,18,62,2,3,66,131,181,2,1,0,7,1,23,"0"
"Magneuris Sierra",45,96,91,7,15,1,3,0,5,6,1,4,25,22,0,0,1,0,0,26,"0"
"Maikel Franco",103,388,371,31,85,15,0,9,39,1,0,12,75,127,18,2,0,3,0,29,"0"
"Maikel Garcia",9,23,22,1,7,1,0,0,2,0,0,1,5,8,1,0,0,0,0,22,"0"
"Manny Machado",150,644,578,100,172,37,1,32,102,9,1,63,133,307,12,1,0,2,10,29,"0"
"Manny Pi a",5,17,14,1,2,0,0,0,2,0,0,1,1,2,0,1,0,1,0,35,"0"
"Manuel Margot",89,363,336,36,92,18,2,4,47,7,3,24,68,126,7,2,0,1,1,27,"0"
"Marcell Ozuna",124,507,470,56,106,19,0,23,56,2,1,31,122,194,12,2,0,4,0,31,"0"
"Marcus Semien",161,724,657,101,163,31,5,26,83,25,8,53,120,282,7,4,0,10,0,31,"1"
"Marcus Wilson",3,6,5,1,1,0,0,0,0,0,0,1,4,1,0,0,0,0,0,25,"0"
"Mario Feliciano",2,5,4,0,1,0,0,0,0,0,0,1,1,1,0,0,0,0,0,23,"0"
"Mark Appel",1,0,0,0,0,0,0,0,0,0,0,0,0,0,0,0,0,0,0,30,"0"
"Mark Canha",140,542,462,71,123,24,0,13,61,3,1,48,97,186,3,28,0,4,1,33,"0"
"Mark Contreras",28,61,58,9,7,1,0,3,6,1,0,1,21,17,2,1,0,1,0,27,"0"
"Mark Kolozsvary",10,21,20,3,4,2,0,1,3,0,0,1,9,9,1,0,0,0,0,26,"0"
"Mark Mathias",60,182,162,26,40,6,0,12,40,6,0,18,60,82,0,0,0,2,0,27,"0"
"Mark Melancon",2,0,0,0,0,0,0,0,0,0,0,0,0,0,0,0,0,0,0,37,"0"
"Mark Payton",8,25,21,3,3,0,0,0,1,0,0,4,4,3,0,0,0,0,0,30,"0"
"Mark Vientos",16,41,36,3,6,1,0,1,3,0,0,5,12,10,1,0,0,0,0,22,"0"
"Mart n Maldonado",113,379,344,40,64,12,0,15,45,0,0,22,116,121,6,7,4,2,0,35,"0"
"Marwin Gonzalez",85,207,184,20,34,7,0,6,18,3,0,14,54,59,8,4,3,2,0,33,"0"
"Matt Beaty",20,47,43,6,4,1,1,0,1,0,0,2,8,7,3,2,0,0,0,29,"0"
"Matt Brash",1,0,0,0,0,0,0,0,0,0,0,0,0,0,0,0,0,0,0,24,"0"
"Matt Carpenter",47,154,128,28,39,9,0,15,37,0,0,19,35,93,2,5,1,1,1,36,"0"
"Matt Chapman",155,621,538,83,123,27,1,27,76,2,2,68,170,233,7,10,0,5,1,29,"0"
"Matt Davidson",26,74,68,6,10,0,0,4,6,0,2,6,26,22,0,0,0,0,0,31,"0"
"Matt Duffy",77,247,228,14,57,8,0,2,16,0,0,17,50,71,6,2,0,0,0,31,"0"
"Matt Foster",1,0,0,0,0,0,0,0,0,0,0,0,0,0,0,0,0,0,0,27,"0"
"Matt Olson",162,699,616,86,148,44,0,34,103,0,0,75,170,294,13,4,0,4,6,28,"1"
"Matt Reynolds",186,544,488,62,120,20,2,6,46,10,0,52,156,162,14,2,0,2,0,31,"0"
"Matt Thaiss",29,81,69,9,15,1,0,2,8,1,0,11,24,22,2,0,0,1,1,27,"0"
"Matt Vierling",117,357,325,41,80,12,2,6,32,7,4,23,70,114,7,3,0,6,0,25,"0"
"Matt Wallner",18,65,57,4,13,3,0,2,10,1,0,6,25,22,0,2,0,0,1,24,"0"
"Matthew Batten",15,22,19,0,2,1,0,0,1,0,0,2,6,3,0,1,0,0,0,27,"0"
"Matthew Liberatore",1,0,0,0,0,0,0,0,0,0,0,0,0,0,0,0,0,0,0,22,"0"
"Mauricio Dub n",208,530,486,62,104,18,0,10,48,4,6,26,60,152,14,2,6,10,0,27,"0"
"Max Kepler",115,446,388,54,88,18,1,9,43,3,2,49,66,135,7,5,0,4,1,29,"0"
"Max Muncy",136,565,464,69,91,22,1,21,69,2,0,90,141,178,2,5,0,6,1,31,"0"
"Max Schrock",13,27,26,1,4,0,0,0,1,0,0,1,6,4,0,0,0,0,0,27,"0"
"Max Stassi",102,375,333,32,60,12,1,9,30,0,0,38,112,101,12,2,1,1,0,31,"0"
"Meibrys Viloria",26,75,63,10,10,1,0,2,5,0,0,11,29,17,0,0,0,1,0,25,"0"
"Michael A  Taylor",124,456,414,49,105,10,3,9,43,4,2,35,109,148,6,2,2,3,0,31,"0"
"Michael Brantley",64,277,243,28,70,14,1,5,26,1,1,31,30,101,1,1,1,1,2,35,"0"
"Michael Chavis",129,426,401,39,92,16,3,14,49,1,1,19,126,156,4,2,0,4,1,26,"0"
"Michael Fulmer",2,0,0,0,0,0,0,0,0,0,0,0,0,0,0,0,0,0,0,29,"0"
"Michael Harris II",114,441,414,75,123,27,3,19,64,20,2,21,107,213,7,5,1,0,0,21,"0"
"Michael Hermosillo",31,73,61,7,7,2,0,0,4,1,0,7,27,9,0,4,1,0,0,27,"0"
"Michael Massey",52,194,173,16,42,9,1,4,17,3,0,9,46,65,1,8,2,2,0,24,"0"
"Michael Papierski",78,206,182,14,26,2,0,2,8,0,0,20,52,34,8,0,4,0,0,26,"0"
"Michael Perez",90,264,242,20,36,0,0,12,28,2,0,20,64,72,4,0,2,0,0,29,"0"
"Michael Siani",9,24,24,1,4,0,0,0,0,0,1,0,7,4,1,0,0,0,0,22,"0"
"Michael Stefanic",25,69,61,5,12,2,0,0,0,0,0,5,12,14,1,2,1,0,0,26,"0"
"Michael Toglia",31,120,111,10,24,8,2,2,12,1,1,9,44,42,2,0,0,0,0,23,"0"
"Mickey McDonald",4,6,4,0,0,0,0,0,0,0,0,2,3,0,0,0,0,0,0,27,"0"
"Mickey Moniak",74,224,212,26,36,6,2,6,16,2,0,8,88,64,0,2,2,0,0,24,"0"
"Miguel Andujar",72,280,264,26,62,10,2,2,34,8,2,10,54,82,2,0,0,6,0,27,"0"
"Miguel Cabrera",112,433,397,25,101,10,0,5,43,1,0,28,101,126,11,3,0,5,3,39,"0"
"Miguel Rojas",140,507,471,34,111,19,2,6,36,9,3,26,61,152,12,6,1,3,1,33,"0"
"Miguel San",20,71,60,1,5,0,0,1,3,1,0,9,25,8,0,1,0,1,0,29,"0"
"Miguel Vargas",18,50,47,4,8,1,0,1,8,1,0,2,13,12,0,0,0,1,0,22,"0"
"Mike Brosseau",69,160,141,15,36,5,0,6,23,2,0,14,48,59,0,5,0,0,0,28,"0"
"Mike Ford",150,447,393,27,81,15,0,9,30,0,0,51,120,123,3,3,0,0,0,29,"0"
"Mike Moustakas",78,285,252,30,54,12,0,7,25,2,0,24,75,87,8,6,0,3,0,33,"0"
"Mike Trout",119,499,438,85,124,28,2,40,80,1,0,54,139,276,6,6,0,1,8,30,"1"
"Mike Yastrzemski",148,558,485,73,104,31,2,17,57,5,1,61,141,190,3,5,1,6,0,31,"0"
"Mike Zunino",36,123,115,7,17,3,0,5,16,0,0,6,46,35,2,1,0,1,0,31,"0"
"Miles Mastrobuoni",8,17,16,1,3,0,0,0,0,1,0,1,6,3,0,0,0,0,0,26,"0"
"Mitch Garver",54,215,188,23,39,7,0,10,24,1,1,23,53,76,3,2,0,2,0,31,"0"
"Mitch Haniger",57,247,224,31,55,8,0,11,34,0,0,20,65,96,7,1,0,2,1,31,"0"
"Monte Harrison",9,14,11,5,2,0,0,1,3,1,0,2,8,5,1,1,0,0,0,26,"0"
"Mookie Betts",142,639,572,117,154,40,3,35,82,12,2,55,104,305,8,8,0,4,0,29,"1"
"Mychal Givens",2,0,0,0,0,0,0,0,0,0,0,0,0,0,0,0,0,0,0,32,"0"
"Myles Straw",152,596,535,72,118,22,3,0,32,21,1,54,87,146,4,1,2,4,0,27,"0"
"Narciso Crook",4,9,8,1,2,1,0,0,2,0,0,0,3,3,1,0,0,1,0,26,"0"
"Nate Eaton",44,122,106,16,28,4,3,1,12,11,1,10,30,41,2,2,1,3,0,25,"0"
"Nate Mondou",1,3,2,0,0,0,0,0,0,0,0,1,1,0,0,0,0,0,0,27,"0"
"Nathaniel Lowe",157,645,593,74,179,26,3,27,76,2,2,48,147,292,10,4,0,0,2,26,"0"
"Nelson Cruz",124,507,448,50,105,16,0,10,64,4,0,49,119,151,16,4,0,3,1,41,"0"
"Nelson Vel zquez",77,206,185,20,38,7,3,6,26,5,2,19,65,69,5,2,0,0,0,23,"0"
"Nick Ahmed",17,54,52,7,12,2,0,3,7,0,1,2,15,23,2,0,0,0,0,32,"0"
"Nick Allen",100,326,299,31,62,13,0,4,19,3,2,19,64,87,5,1,6,1,0,23,"0"
"Nick Castellanos",136,558,524,56,138,27,0,13,62,7,1,29,130,204,15,3,0,2,0,30,"1"
"Nick Fortes",72,240,217,41,50,6,1,9,24,5,3,18,45,85,5,5,0,0,0,25,"0"
"Nick Gordon",136,443,405,45,110,28,4,9,50,6,4,19,105,173,8,10,3,6,1,26,"0"
"Nick Madrigal",59,228,209,19,52,7,0,0,7,3,1,14,27,59,6,3,2,0,0,25,"0"
"Nick Maton",34,85,72,13,18,2,1,5,17,0,0,10,29,37,0,1,0,2,0,25,"0"
"Nick Plummer",14,31,29,4,4,1,0,2,6,0,0,1,12,11,1,1,0,0,0,25,"0"
"Nick Pratto",49,182,158,18,29,9,1,7,20,0,0,19,66,61,6,1,1,3,0,23,"0"
"Nick Senzel",110,420,373,45,86,13,0,5,25,8,5,30,76,114,7,5,2,1,0,27,"0"
"Nick Solak",35,95,82,14,17,1,0,3,4,3,2,7,19,27,1,5,1,0,0,27,"0"
"Nicky Lopez",141,480,436,51,99,12,4,0,20,13,3,29,63,119,8,4,10,1,0,27,"0"
"Nico Hoerner",135,517,481,60,135,22,5,10,55,20,2,28,57,197,11,6,0,2,4,25,"0"
"Niko Goodrum",15,45,43,2,5,2,0,0,1,1,0,2,23,7,0,0,0,0,0,30,"0"
"No Ramirez",1,0,0,0,0,0,0,0,0,0,0,0,0,0,0,0,0,0,0,32,"0"
"Nolan Arenado",148,620,557,73,163,42,1,30,103,5,3,52,72,297,15,7,0,4,3,31,"1"
"Nolan Gorman",89,313,283,44,64,13,0,14,35,1,0,28,103,119,2,2,0,0,0,22,"0"
"Nolan Jones",28,94,86,10,21,5,0,2,13,0,0,8,31,32,2,0,0,0,1,24,"0"
"Nomar Mazara",55,171,159,16,42,8,0,2,18,0,0,10,40,56,3,2,0,0,0,27,"0"
"Od bel Herrera",62,197,185,23,44,9,1,5,21,6,0,11,42,70,3,0,0,1,0,30,"0"
"Omar Narv ez",84,296,262,21,54,12,1,4,23,0,0,29,57,80,4,3,1,1,1,30,"0"
"Oneil Cruz",87,361,331,45,77,13,4,17,54,10,4,28,126,149,3,1,0,1,1,23,"0"
"Orlando Arcia",67,234,209,25,51,9,0,9,30,0,0,21,51,87,7,2,0,2,0,27,"1"
"Oscar Gonzalez",91,382,362,39,107,27,0,11,43,1,2,15,75,167,6,3,0,2,2,24,"0"
"Oswald Peraza",18,57,49,8,15,3,0,1,2,2,0,6,9,21,3,2,0,0,0,22,"0"
"Oswaldo Cabrera",44,171,154,21,38,8,1,6,19,3,2,15,44,66,1,0,1,1,0,23,"0"
"Otto Lopez",8,10,9,0,6,0,0,0,3,0,1,1,1,6,0,0,0,0,0,23,"0"
"Owen Miller",130,472,424,53,103,26,1,6,51,2,0,32,93,149,8,7,0,9,1,25,"0"
"Ozzie Albies",64,269,247,36,61,16,0,8,35,3,5,16,47,101,0,2,0,4,0,25,"1"
"P J  Higgins",74,229,201,23,46,11,1,6,30,0,0,22,58,77,2,2,3,1,0,29,"0"
"Pablo Reyes",5,16,15,1,4,0,0,0,0,0,0,1,2,4,0,0,0,0,0,28,"0"
"Patrick Mazeika",24,72,68,4,13,4,0,1,6,0,0,2,9,20,0,0,2,0,0,28,"0"
"Patrick Wisdom",134,534,469,67,97,28,0,25,66,8,4,53,183,200,8,9,1,2,1,30,"0"
"Paul DeJong",77,237,210,19,33,9,0,6,25,3,2,21,79,60,2,4,0,2,0,28,"0"
"Paul Goldschmidt",151,651,561,106,178,41,0,35,115,7,0,79,141,324,7,5,0,4,1,34,"0"
"Paul Sewald",3,0,0,0,0,0,0,0,0,0,0,0,0,0,0,0,0,0,0,32,"0"
"Pavin Smith",75,277,245,24,54,9,0,9,33,1,0,28,67,90,2,1,0,3,1,26,"0"
"Payton Henry",15,35,28,2,4,0,0,0,4,0,0,5,8,4,0,2,0,0,0,25,"0"
"Pedro Severino",8,21,18,0,4,2,0,0,1,0,0,3,7,6,0,0,0,0,0,28,"0"
"Penn Murfee",1,0,0,0,0,0,0,0,0,0,0,0,0,0,0,0,0,0,0,28,"0"
"Pete Alonso",160,685,597,95,162,27,0,40,131,5,1,67,128,309,17,12,0,9,16,27,"1"
"Peyton Burdick",32,102,92,8,19,4,0,4,11,1,0,8,35,35,1,2,0,0,0,25,"0"
"Phil Bickford",2,0,0,0,0,0,0,0,0,0,0,0,0,0,0,0,0,0,0,26,"0"
"Phil Gosselin",68,154,148,12,22,0,2,0,4,0,0,4,48,26,2,2,0,0,0,33,"0"
"Rafael Devers",141,614,555,84,164,42,1,27,88,3,1,50,114,289,14,6,0,3,11,25,"0"
"Rafael Ortega",118,371,316,35,76,14,1,7,35,12,7,44,74,113,10,2,1,7,2,31,"0"
"Raimel Tapia",128,433,411,47,109,20,3,7,52,8,2,16,81,156,12,0,3,1,0,28,"0"
"Ram n Laureano",94,383,346,49,73,18,0,13,34,11,6,25,104,130,6,12,0,0,0,27,"0"
"Ram n Ur as",118,445,403,50,100,17,1,16,51,1,0,30,98,167,7,5,3,4,1,28,"0"
"Randal Grichuk",140,538,506,60,131,21,3,19,73,4,0,24,127,215,12,6,0,2,0,30,"0"
"Randy Arozarena",153,645,586,72,154,41,3,20,89,32,12,46,156,261,17,11,0,2,2,27,"1"
"Reese McGuire",178,548,498,50,134,28,2,6,44,2,0,24,112,184,12,6,12,6,0,27,"0"
"Reiver Sanmartin",1,2,2,0,0,0,0,0,0,0,0,0,1,0,0,0,0,0,0,26,"0"
"Ren Pinto",25,83,80,5,17,3,0,2,10,0,0,2,35,26,3,1,0,0,0,25,"0"
"Reyes Moronta",2,0,0,0,0,0,0,0,0,0,0,0,0,0,0,0,0,0,0,29,"0"
"Reynaldo L pez",1,0,0,0,0,0,0,0,0,0,0,0,0,0,0,0,0,0,0,28,"0"
"Rhys Hoskins",156,672,589,81,145,33,2,30,79,2,1,72,169,272,12,6,0,4,0,29,"0"
"Richard Bleier",1,0,0,0,0,0,0,0,0,0,0,0,0,0,0,0,0,0,0,35,"0"
"Richie Martin",13,33,30,4,5,0,2,0,3,3,1,3,10,9,0,0,0,0,0,27,"0"
"Richie Palacios",54,123,112,7,26,6,0,0,10,2,0,9,20,32,2,1,0,1,1,25,"0"
"Rico Garcia",1,0,0,0,0,0,0,0,0,0,0,0,0,0,0,0,0,0,0,28,"0"
"Riley Adams",48,155,142,14,25,4,0,5,10,0,1,12,46,44,2,1,0,0,0,26,"0"
"Riley Greene",93,418,376,46,95,18,4,5,42,1,4,36,120,136,8,3,0,3,0,21,"0"
"Rob Brantly",1,3,3,0,1,1,0,0,0,0,0,0,0,2,0,0,0,0,0,32,"0"
"Rob Refsnyder",57,177,153,25,47,11,0,6,21,1,1,15,46,76,1,6,0,3,0,31,"0"
"Robbie Grossman",258,954,822,80,172,38,2,14,90,12,4,112,258,256,6,12,0,8,0,32,"0"
"Roberto P rez",21,69,60,8,14,2,0,2,8,0,0,9,25,22,1,0,0,0,0,33,"0"
"Robinson Can",66,208,200,10,30,2,0,2,8,0,0,8,50,38,4,0,0,0,0,39,"0"
"Robinson Chirinos",67,220,195,10,35,9,0,4,22,1,0,19,67,56,4,4,1,1,0,38,"0"
"Rodolfo Castro",71,278,253,25,59,8,4,11,27,5,3,22,74,108,6,2,0,1,0,23,"0"
"Roman Quinn",88,174,158,30,34,6,4,0,14,8,6,14,72,48,0,2,0,0,0,29,"0"
"Romy Gonzalez",32,109,105,15,25,4,1,2,11,0,1,2,39,37,3,1,0,1,0,25,"0"
"Ronald Acuna Jr",119,533,467,71,124,24,0,15,50,29,11,53,126,193,8,10,0,3,4,24,"1"
"Ronald Bola os",1,0,0,0,0,0,0,0,0,0,0,0,0,0,0,0,0,0,0,25,"0"
"Ronald Guzm n",3,6,6,0,0,0,0,0,0,0,0,0,5,0,1,0,0,0,0,27,"0"
"Ronnie Dawson",1,3,3,0,0,0,0,0,0,0,0,0,2,0,0,0,0,0,0,27,"0"
"Rougned Odor",135,472,426,49,88,19,3,13,53,6,1,32,109,152,9,10,0,4,1,28,"0"
"Rowdy Tellez",153,599,529,67,116,23,0,35,89,2,1,62,121,244,20,5,0,3,9,27,"0"
"Royce Lewis",12,41,40,5,12,4,0,2,5,0,0,1,5,22,2,0,0,0,0,23,"0"
"Ryan Aguilar",7,26,22,2,3,1,0,0,2,0,0,2,14,4,0,1,0,1,0,27,"0"
"Ryan Hendrix",1,0,0,0,0,0,0,0,0,0,0,0,0,0,0,0,0,0,0,27,"0"
"Ryan Jeffers",67,236,212,25,44,10,1,7,27,0,0,23,62,77,6,0,1,0,0,25,"0"
"Ryan Kreidler",26,84,73,8,13,1,0,1,6,0,1,6,22,17,0,1,2,2,0,24,"0"
"Ryan McKenna",104,172,156,23,37,10,0,2,11,2,1,11,55,53,3,2,2,1,1,25,"0"
"Ryan McMahon",153,597,529,67,130,23,3,20,67,7,3,60,158,219,7,5,0,3,0,27,"0"
"Ryan Mountcastle",145,609,555,62,139,28,1,22,85,4,1,43,154,235,12,4,0,7,1,25,"0"
"Ryan O Hearn",67,145,134,14,32,6,1,1,16,0,0,8,35,43,2,2,0,1,0,28,"0"
"Rylan Bannon",10,30,28,0,4,0,0,0,0,0,0,0,10,4,0,2,0,0,0,26,"0"
"S mon Muzziotti",9,9,7,0,1,0,0,0,0,0,0,0,2,1,0,1,1,0,0,23,"0"
"Salvador Perez",114,473,445,48,113,23,1,23,76,0,0,18,109,207,9,7,0,3,2,32,"1"
"Sam Haggerty",83,201,176,29,45,9,1,5,23,13,1,18,53,71,4,4,1,2,3,28,"0"
"Sam Hilliard",70,200,174,26,32,6,1,2,14,5,1,23,57,46,2,1,0,2,0,28,"0"
"Sam Huff",44,132,121,9,29,4,0,4,10,1,0,11,42,45,1,0,0,0,1,24,"0"
"Sandy Le n",66,172,142,12,24,6,0,0,8,0,0,26,54,30,4,0,4,0,0,33,"0"
"Santiago Espinal",135,491,449,51,120,25,0,7,51,6,6,36,68,166,12,2,1,3,1,27,"0"
"Scott Alexander",1,0,0,0,0,0,0,0,0,0,0,0,0,0,0,0,0,0,0,32,"0"
"Scott Barlow",3,0,0,0,0,0,0,0,0,0,0,0,0,0,0,0,0,0,0,29,"0"
"Scott Kingery",1,0,0,0,0,0,0,0,0,0,0,0,0,0,0,0,0,0,0,28,"0"
"Sean Bouchard",27,97,74,9,22,6,0,3,11,0,0,21,25,37,1,1,0,1,0,26,"0"
"Sean Murphy",148,612,537,67,134,37,2,18,66,1,0,56,124,229,14,13,0,5,2,27,"1"
"Sean Poppen",2,0,0,0,0,0,0,0,0,0,0,0,0,0,0,0,0,0,0,28,"0"
"Sebasti n Rivero",17,29,26,2,4,0,0,0,1,0,0,2,10,4,0,0,1,0,0,23,"0"
"Seby Zavala",61,205,178,22,48,14,0,2,21,0,0,19,64,68,1,3,3,2,0,28,"0"
"Seiya Suzuki",111,446,397,54,104,22,2,14,46,9,5,42,110,172,8,4,0,3,3,27,"0"
"Sergio Alc ntara",186,448,410,52,90,16,2,12,58,2,4,24,114,146,12,2,4,8,0,25,"0"
"Seth Beer",38,126,111,4,21,3,0,1,9,0,0,11,31,27,3,3,0,1,1,25,"0"
"Seth Brown",150,555,500,55,115,26,3,25,73,11,2,51,146,222,7,3,0,1,3,29,"0"
"Seth Lugo",1,0,0,0,0,0,0,0,0,0,0,0,0,0,0,0,0,0,0,32,"0"
"Shea Langeliers",40,153,142,14,31,10,1,6,22,0,0,9,53,61,4,0,0,2,0,24,"0"
"Sheldon Neuse",89,293,271,25,58,4,2,4,26,6,1,20,80,78,5,2,0,0,0,27,"0"
"Shohei Ohtani",157,666,586,90,160,30,6,34,95,11,9,72,161,304,6,5,0,3,14,27,"1"
"Skye Bolt",42,116,106,10,21,2,0,4,13,5,0,7,30,35,1,2,0,1,0,28,"0"
"Spencer Steer",28,108,95,12,20,5,0,2,8,0,1,11,26,31,2,2,0,0,0,24,"0"
"Spencer Torkelson",110,404,360,38,73,16,1,8,28,0,1,37,99,115,12,5,0,2,0,22,"0"
"Starling Marte",118,505,466,76,136,24,5,16,63,18,9,26,97,218,18,13,0,0,0,33,"0"
"Steele Walker",5,16,14,1,1,0,0,1,1,0,0,2,4,4,0,0,0,0,0,25,"0"
"Stephen Piscotty",42,139,126,12,24,4,0,5,14,2,0,9,48,43,2,2,0,2,1,31,"0"
"Stephen Vogt",70,191,168,18,27,4,1,7,23,1,0,17,46,54,4,2,0,4,0,37,"0"
"Steven Duggar",75,201,180,19,26,6,3,0,8,11,3,19,107,38,0,0,0,2,0,28,"0"
"Steven Kwan",147,638,563,89,168,25,7,6,52,19,5,62,60,225,9,7,2,4,2,24,"0"
"Steven Okert",1,0,0,0,0,0,0,0,0,0,0,0,0,0,0,0,0,0,0,30,"0"
"Steven Souza Jr",6,19,19,0,3,0,0,0,1,0,0,0,8,3,2,0,0,0,0,33,"0"
"Stone Garrett",27,84,76,13,21,8,0,4,10,3,1,3,27,41,1,1,0,1,0,26,"0"
"Stuart Fairchild",135,327,288,42,72,12,3,15,18,0,6,24,100,135,3,15,0,0,0,26,"0"
"TJ Friedl",72,258,225,33,54,10,5,8,25,7,2,20,40,98,3,7,0,6,0,26,"0"
"Tanner Scott",3,0,0,0,0,0,0,0,0,0,0,0,0,0,0,0,0,0,0,27,"0"
"Taylor Clarke",4,0,0,0,0,0,0,0,0,0,0,0,0,0,0,0,0,0,0,29,"0"
"Taylor Jones",1,1,1,0,0,0,0,0,0,0,0,0,0,0,0,0,0,0,0,28,"0"
"Taylor Motter",2,6,6,0,1,0,0,0,0,0,0,0,3,1,0,0,0,0,0,32,"0"
"Taylor Rogers",2,0,0,0,0,0,0,0,0,0,0,0,0,0,0,0,0,0,0,31,"0"
"Taylor Trammell",43,117,102,15,20,9,0,4,10,2,1,13,33,41,2,0,1,1,0,24,"0"
"Taylor Walls",142,466,407,53,70,18,2,8,33,10,3,52,120,116,6,2,2,2,0,25,"0"
"Taylor Ward",135,564,495,73,139,22,2,23,65,5,3,60,120,234,5,4,0,5,0,28,"0"
"Teoscar Hern ndez",131,535,499,71,133,35,1,25,77,6,3,34,152,245,18,2,0,0,0,29,"0"
"Terrance Gore",10,8,7,1,1,0,0,0,0,3,0,0,3,1,0,0,1,0,0,31,"0"
"Terrin Vavra",40,103,89,14,23,2,1,1,12,0,1,12,19,30,2,0,0,2,0,25,"0"
"Thairo Estrada",140,541,488,71,127,22,2,14,62,21,6,33,89,195,10,14,1,5,0,26,"0"
"Tim Anderson",79,351,332,50,100,13,0,6,25,13,0,14,55,131,10,5,0,0,1,29,"0"
"Tim Beckham",12,25,25,1,2,0,0,0,1,0,0,0,9,2,2,0,0,0,0,32,"0"
"Tim Locastro",38,46,43,13,8,1,0,2,4,8,2,2,7,15,0,1,0,0,0,29,"0"
"Tom Murphy",14,42,33,9,10,2,0,1,1,0,0,8,13,15,1,0,0,0,0,31,"0"
"Tom s Nido",98,313,284,31,68,15,0,3,28,0,0,14,76,92,14,1,12,2,0,28,"0"
"Tommy Edman",153,630,577,95,153,31,4,13,57,32,3,46,111,231,10,5,1,1,2,27,"0"
"Tommy Hunter",2,0,0,0,0,0,0,0,0,0,0,0,0,0,0,0,0,0,0,35,"0"
"Tommy La Stella",60,195,180,17,43,14,0,2,14,0,0,11,30,63,4,1,0,3,0,33,"0"
"Tommy Pham",288,1244,1108,178,262,46,2,34,126,16,6,112,334,414,40,14,0,10,0,34,"0"
"Tony Kemp",147,558,497,61,117,24,2,7,46,11,1,45,69,166,5,8,5,3,0,30,"0"
"Tony Wolters",2,4,4,0,0,0,0,0,0,0,0,0,3,0,0,0,0,0,0,30,"0"
"Travis Blankenhorn",1,3,3,0,0,0,0,0,0,0,0,0,1,0,0,0,0,0,0,25,"0"
"Travis Demeritte",26,96,89,9,19,2,0,3,6,0,0,6,32,30,2,0,0,1,0,27,"0"
"Travis Jankowski",88,128,110,22,18,0,0,0,4,6,0,16,20,18,0,2,0,0,0,31,"0"
"Travis Shaw",7,19,19,0,0,0,0,0,0,0,0,0,7,0,0,0,0,0,0,32,"0"
"Travis Swaggerty",5,9,9,0,1,0,0,0,0,0,0,0,4,1,0,0,0,0,0,24,"0"
"Travis d Arnaud",107,426,396,61,106,25,1,18,60,0,0,19,90,187,12,11,0,0,0,33,"0"
"Trayce Thompson",160,510,438,72,112,28,2,26,82,8,2,64,186,222,4,4,0,4,0,31,"0"
"Trea Turner",160,708,652,101,194,39,4,21,100,27,3,45,131,304,9,3,0,6,1,29,"0"
"Trent Grisham",152,524,451,58,83,16,2,17,53,7,1,57,150,154,3,7,7,2,1,25,"0"
"Tres Barrera",19,53,50,2,9,1,0,0,4,0,0,2,16,10,1,0,1,0,0,27,"0"
"Trevor Larnach",51,180,160,22,37,13,0,5,18,0,0,18,57,65,1,0,0,2,1,25,"0"
"Trevor Story",94,396,357,53,85,22,0,16,66,13,0,32,122,155,9,3,0,4,4,29,"0"
"Trevor Williams",2,0,0,0,0,0,0,0,0,0,0,0,0,0,0,0,0,0,0,30,"0"
"Trey Mancini",286,1174,1038,112,248,46,2,36,126,0,0,106,270,406,24,20,0,10,4,30,"0"
"Triston Casas",27,95,76,11,15,1,0,5,12,1,0,19,23,31,4,0,0,0,0,22,"0"
"Tucker Barnhart",94,308,281,16,62,10,0,1,16,0,0,25,74,75,7,1,1,0,0,31,"0"
"Tucupita Marcano",49,177,160,18,33,6,2,2,13,2,1,10,44,49,1,1,5,1,0,22,"0"
"Ty France",140,613,551,65,151,27,1,20,83,0,0,35,94,240,18,21,0,5,3,27,"0"
"Tyler Anderson",2,1,1,0,0,0,0,0,0,0,0,0,1,0,0,0,0,0,0,32,"0"
"Tyler Duffey",2,0,0,0,0,0,0,0,0,0,0,0,0,0,0,0,0,0,0,31,"0"
"Tyler Freeman",24,86,77,9,19,3,0,0,3,1,0,4,11,22,2,4,0,1,0,23,"0"
"Tyler Heineman",124,348,314,32,68,16,0,0,18,2,0,16,34,84,6,10,8,0,0,31,"0"
"Tyler Naquin",210,668,620,94,142,38,8,22,92,8,4,38,186,262,6,8,2,0,4,31,"0"
"Tyler Nevin",58,184,157,17,31,4,0,2,16,0,0,20,46,41,4,4,0,3,0,25,"0"
"Tyler O Neill",96,383,334,56,76,11,1,14,58,14,4,38,103,131,9,4,0,7,0,27,"0"
"Tyler Stephenson",50,183,166,24,53,9,0,6,35,1,0,12,47,80,4,3,0,2,0,25,"0"
"Tyler Wade",67,163,147,22,32,5,0,1,8,8,5,10,33,40,3,1,5,0,0,27,"0"
"Tyrone Taylor",120,405,373,49,87,21,3,17,51,3,2,22,102,165,11,7,0,3,0,28,"0"
"Vaughn Grissom",41,156,141,24,41,6,0,5,18,5,2,11,34,62,0,3,0,1,1,21,"0"
"Victor Caratini",95,314,272,26,54,12,0,9,34,0,0,31,67,93,11,9,1,1,1,28,"0"
"Victor Reyes",92,336,315,27,80,19,3,3,34,2,2,13,77,114,7,4,0,4,0,27,"0"
"Victor Robles",132,407,366,42,82,10,2,6,33,15,4,17,104,114,3,9,11,4,0,25,"0"
"Vidal Bruj n",52,162,147,13,24,5,0,3,16,5,5,12,37,38,2,1,0,2,0,24,"0"
"Vimael Mach n",73,253,223,26,49,12,0,1,13,1,1,25,47,64,6,2,0,3,0,28,"0"
"Vinnie Pasquantino",72,298,258,25,76,10,0,10,26,1,0,35,34,116,5,3,0,2,1,24,"0"
"Vinny Capra",8,7,5,2,1,0,0,0,0,0,0,2,1,1,0,0,0,0,0,25,"0"
"Vladimir Guerrero Jr",160,706,638,90,175,35,0,32,97,8,3,58,116,306,26,6,0,4,6,23,"1"
"Wander Franco",83,344,314,46,87,20,3,6,33,8,0,26,33,131,5,0,0,4,1,21,"1"
"Whit Merrifield",278,1100,1008,140,252,56,2,22,116,32,10,76,170,378,22,0,0,16,0,33,"1"
"Wil Myers",77,286,261,29,68,15,0,7,41,2,1,21,86,104,7,1,0,3,1,31,"0"
"Will Benson",28,61,55,8,10,1,0,0,3,0,0,3,19,11,1,2,1,0,0,24,"0"
"Will Brennan",11,45,42,6,15,1,1,1,8,2,1,2,4,21,0,1,0,0,1,24,"0"
"Will Smith",137,578,508,68,132,26,3,24,87,1,0,56,96,236,11,10,0,4,4,27,"1"
"Willi Castro",112,392,365,47,88,18,2,8,31,9,4,15,82,134,4,8,1,3,0,25,"0"
"William Contreras",97,376,334,51,93,14,1,20,45,2,0,39,104,169,5,1,0,2,1,24,"0"
"Willians Astudillo",21,55,54,5,13,0,0,1,4,1,0,1,3,16,2,0,0,0,0,30,"0"
"Willie Calhoun",44,124,104,14,14,6,0,2,6,0,0,18,16,26,4,2,0,0,0,27,"0"
"Willson Contreras",113,487,416,65,101,23,2,22,55,4,2,45,103,194,14,24,0,2,0,30,"0"
"Willy Adames",139,617,563,83,134,31,0,31,98,8,3,49,166,258,11,1,0,4,3,26,"0"
"Wilmer Difo",3,6,6,0,0,0,0,0,0,0,0,0,1,0,0,0,0,0,0,30,"0"
"Wilmer Flores",151,602,525,72,120,28,1,19,71,0,0,59,103,207,7,11,0,7,1,30,"0"
"Wyatt Mills",2,0,0,0,0,0,0,0,0,0,0,0,0,0,0,0,0,0,0,27,"0"
"Wynton Bernard",12,42,42,9,12,1,0,0,3,3,1,0,8,13,1,0,0,0,0,31,"0"
"Xander Bogaerts",150,631,557,84,171,38,0,15,73,8,2,57,118,254,14,10,0,7,2,29,"0"
"Yadiel Hern ndez",94,327,305,30,82,16,0,9,41,2,1,19,74,125,9,1,0,2,0,34,"0"
"Yadier Molina",78,270,262,19,56,8,0,5,24,2,0,5,40,79,10,2,0,1,0,39,"0"
"Yainer Diaz",6,9,8,0,1,1,0,0,1,0,0,1,2,2,0,0,0,0,0,23,"0"
"Yairo Mu oz",29,60,57,7,12,2,0,3,7,1,0,3,10,23,0,0,0,0,0,27,"0"
"Yan Gomes",86,293,277,23,65,12,0,8,31,2,0,8,47,101,15,3,1,4,0,34,"0"
"Yandy D az",137,558,473,71,140,33,0,9,57,3,3,78,60,200,10,6,0,1,2,30,"1"
"Yasmani Grandal",99,376,327,15,66,7,0,5,27,1,0,45,79,88,8,2,0,2,1,33,"0"
"Yerm n Mercedes",31,83,73,9,17,5,0,1,8,0,0,9,17,25,1,1,0,0,0,29,"0"
"Yo n Moncada",104,433,397,41,84,18,1,12,51,2,0,32,114,140,5,2,1,1,2,27,"0"
"Yolmer Sanchez",34,88,74,2,8,0,0,0,4,0,4,10,26,8,0,0,4,0,0,30,"0"
"Yonathan Daza",113,408,372,56,112,21,2,2,34,0,3,26,58,143,12,4,1,5,0,28,"0"
"Yonny Hern ndez",12,28,24,2,2,0,0,0,0,2,0,2,4,2,0,0,2,0,0,24,"0"
"Yordan Alvarez",135,561,470,95,144,29,2,37,97,1,1,78,106,288,12,6,0,7,9,25,"1"
"Yoshi Tsutsugo",50,193,170,11,29,4,0,2,19,0,0,19,50,39,3,0,0,4,0,30,"0"
"Yu Chang",189,521,462,52,98,17,0,11,43,0,2,44,159,148,14,9,0,6,0,26,"0"
"Yuli Gurriel",146,584,545,53,132,40,0,8,53,8,0,30,73,196,13,6,0,3,0,38,"0"
"Yusniel Diaz",1,1,1,0,0,0,0,0,0,0,0,0,1,0,0,0,0,0,0,25,"0"
"Zach McKinstry",114,370,332,42,66,12,6,10,28,14,0,32,104,120,0,2,4,0,0,27,"0"
"Zach Pop",2,0,0,0,0,0,0,0,0,0,0,0,0,0,0,0,0,0,0,25,"0"
"Zach Reks",16,34,34,3,9,1,0,0,3,0,1,0,10,10,0,0,0,0,0,28,"0"
"Zack Collins",72,216,194,18,30,8,0,8,22,0,0,18,82,62,0,2,0,2,0,27,"0"
"Zack Short",6,13,9,2,0,0,0,0,2,1,0,2,5,0,0,0,0,2,0,27,"0"
"scar Mercado",164,383,362,51,75,18,3,12,48,6,6,15,86,135,24,3,0,3,0,27,"0"
